Tree,Target,Node,ID,Feature,Split,Yes,No,Missing,Gain,Cover,Category
0,0,0,0-0,spo2,95.1,0-1,0-2,0-2,147.12498,384.78995,
0,0,1,0-1,spo2,95.0,0-3,0-4,0-4,0.35723877,139.48636,
0,0,2,0-2,urine_severity,1.0,0-5,0-6,0-6,142.97662,245.30359,
0,0,3,0-3,Leaf,,,,,-0.12458786,133.23352,
0,0,4,0-4,temperature,36.63,0-7,0-8,0-8,0.21321261,6.2528367,
0,0,5,0-5,ecg_hr,100.5,0-9,0-10,0-10,74.525955,182.29424,
0,0,6,0-6,Leaf,,,,,-0.12356196,63.009354,
0,0,7,0-7,temperature,35.88,0-11,0-12,0-12,0.9905557,3.366912,
0,0,8,0-8,Leaf,,,,,-0.093221016,2.8859246,
0,0,9,0-9,temperature,38.51,0-13,0-14,0-14,27.069824,160.6498,
0,0,10,0-10,Leaf,,,,,-0.119979754,21.644434,
0,0,11,0-11,Leaf,,,,,-0.082593724,1.9239497,
0,0,12,0-12,Leaf,,,,,0.048660226,1.4429623,
0,0,13,0-13,Leaf,,,,,0.18513268,153.91599,
0,0,14,0-14,Leaf,,,,,-0.10929258,6.733824,
1,1,0,1-0,spo2,95.1,1-1,1-2,1-2,96.5289,397.89758,
1,1,1,1-1,spo2,90.1,1-3,1-4,1-4,25.767418,144.23787,
1,1,2,1-2,urine_severity,1.0,1-5,1-6,1-6,144.4448,253.6597,
1,1,3,1-3,ecg_hr,92.4,1-7,1-8,1-8,0.2870226,9.4500675,
1,1,4,1-4,ecg_hr,100.5,1-9,1-10,1-10,16.812912,134.78781,
1,1,5,1-5,ecg_hr,100.5,1-11,1-12,1-12,42.633156,188.50398,
1,1,6,1-6,ecg_hr,115.6,1-13,1-14,1-14,0.5860176,65.15573,
1,1,7,1-7,Leaf,,,,,-0.14367108,7.9579515,
1,1,8,1-8,Leaf,,,,,-0.036640443,1.492116,
1,1,9,1-9,spo2,95.0,1-15,1-16,1-16,0.63471985,115.3903,
1,1,10,1-10,spo2,93.0,1-17,1-18,1-18,14.414593,19.397507,
1,1,11,1-11,temperature,38.51,1-19,1-20,1-20,26.034622,166.12224,
1,1,12,1-12,ecg_hr,120.0,1-21,1-22,1-22,12.537031,22.381739,
1,1,13,1-13,Leaf,,,,,0.13769741,63.663612,
1,1,14,1-14,Leaf,,,,,0.023549376,1.492116,
1,1,15,1-15,Leaf,,,,,0.13861059,110.91395,
1,1,16,1-16,Leaf,,,,,0.05954029,4.476348,
1,1,17,1-17,Leaf,,,,,-0.1454755,8.952696,
1,1,18,1-18,Leaf,,,,,0.10142714,10.444812,
1,1,19,1-19,Leaf,,,,,-0.16071509,159.15903,
1,1,20,1-20,Leaf,,,,,0.12229699,6.9632077,
1,1,21,1-21,Leaf,,,,,0.13205153,16.910646,
1,1,22,1-22,Leaf,,,,,-0.11355295,5.4710917,
2,2,0,2-0,spo2,90.3,2-1,2-2,2-2,95.12547,91.99864,
2,2,1,2-1,Leaf,,,,,0.739236,2.7599592,
2,2,2,2-2,ecg_hr,120.0,2-3,2-4,2-4,99.3988,89.238686,
2,2,3,2-3,ecg_hr,100.5,2-5,2-6,2-6,11.10361,87.05372,
2,2,4,2-4,Leaf,,,,,0.79292333,2.1849678,
2,2,5,2-5,Leaf,,,,,-0.07887888,77.73885,
2,2,6,2-6,spo2,93.0,2-7,2-8,2-8,45.574257,9.314862,
2,2,7,2-7,Leaf,,,,,0.6838627,1.2649814,
2,2,8,2-8,Leaf,,,,,-0.07106542,8.049881,
3,0,0,3-0,spo2,95.1,3-1,3-2,3-2,113.93701,378.0976,
3,0,1,3-1,spo2,95.0,3-3,3-4,3-4,0.29761505,131.9791,
3,0,2,3-2,urine_severity,1.0,3-5,3-6,3-6,105.07361,246.1185,
3,0,3,3-3,Leaf,,,,,-0.11443865,125.89045,
3,0,4,3-4,temperature,36.63,3-7,3-8,3-8,0.20981288,6.0886526,
3,0,5,3-5,ecg_hr,100.5,3-9,3-10,3-10,54.031944,186.7997,
3,0,6,3-6,Leaf,,,,,-0.112856165,59.31879,
3,0,7,3-7,urine_severity,1.0,3-11,3-12,3-12,0.9602591,3.3076928,
3,0,8,3-8,Leaf,,,,,-0.08687559,2.78096,
3,0,9,3-9,temperature,38.51,3-13,3-14,3-14,19.305603,166.25725,
3,0,10,3-10,Leaf,,,,,-0.11053277,20.542456,
3,0,11,3-11,Leaf,,,,,0.050739914,1.4296421,
3,0,12,3-12,Leaf,,,,,-0.07869473,1.8780507,
3,0,13,3-13,Leaf,,,,,0.15351173,159.8659,
3,0,14,3-14,Leaf,,,,,-0.100168824,6.3913455,
4,1,0,4-0,spo2,95.1,4-1,4-2,4-2,71.67181,390.72168,
4,1,1,4-1,spo2,90.1,4-3,4-4,4-4,20.884163,140.25565,
4,1,2,4-2,urine_severity,1.0,4-5,4-6,4-6,108.14153,250.46605,
4,1,3,4-3,spo2,90.0,4-7,4-8,4-8,0.31738234,9.495074,
4,1,4,4-4,ecg_hr,100.5,4-9,4-10,4-10,13.925575,130.76057,
4,1,5,4-5,ecg_hr,100.5,4-11,4-12,4-12,31.006584,187.4854,
4,1,6,4-6,ecg_hr,115.6,4-13,4-14,4-14,0.48690033,62.98065,
4,1,7,4-7,Leaf,,,,,-0.1315904,7.9960365,
4,1,8,4-8,Leaf,,,,,-0.029799,1.4990376,
4,1,9,4-9,spo2,95.0,4-15,4-16,4-16,0.48991394,111.57114,
4,1,10,4-10,spo2,93.0,4-17,4-18,4-18,11.620872,19.189434,
4,1,11,4-11,temperature,38.51,4-19,4-20,4-20,19.4917,165.61902,
4,1,12,4-12,ecg_hr,120.0,4-21,4-22,4-22,10.068572,21.866367,
4,1,13,4-13,Leaf,,,,,0.12325147,61.502274,
4,1,14,4-14,Leaf,,,,,0.020000797,1.4783756,
4,1,15,4-15,Leaf,,,,,0.12412084,107.14504,
4,1,16,4-16,Leaf,,,,,0.053549048,4.4260983,
4,1,17,4-17,Leaf,,,,,-0.13251998,8.996482,
4,1,18,4-18,Leaf,,,,,0.090102196,10.192953,
4,1,19,4-19,Leaf,,,,,-0.13744324,158.85667,
4,1,20,4-20,Leaf,,,,,0.11034424,6.762346,
4,1,21,4-21,Leaf,,,,,0.11850428,16.367456,
4,1,22,4-22,Leaf,,,,,-0.102077685,5.498912,
5,2,0,5-0,spo2,90.3,5-1,5-2,5-2,46.79715,91.212685,
5,2,1,5-1,spo2,90.1,5-3,5-4,5-4,1.4328346,5.5010285,
5,2,2,5-2,ecg_hr,120.0,5-5,5-6,5-6,52.157074,85.711655,
5,2,3,5-3,Leaf,,,,,0.42804128,4.414405,
5,2,4,5-4,Leaf,,,,,0.0991446,1.0866238,
5,2,5,5-5,ecg_hr,100.5,5-7,5-8,5-8,10.136227,81.19192,
5,2,6,5-6,Leaf,,,,,0.4178926,4.5197363,
5,2,7,5-7,Leaf,,,,,-0.07834157,71.32466,
5,2,8,5-8,spo2,93.0,5-9,5-10,5-10,25.302437,9.867256,
5,2,9,5-9,Leaf,,,,,0.41377816,2.472975,
5,2,10,5-10,Leaf,,,,,-0.06998128,7.3942814,
6,0,0,6-0,spo2,95.1,6-1,6-2,6-2,90.592995,360.91257,
6,0,1,6-1,spo2,95.0,6-3,6-4,6-4,0.27445602,122.8955,
6,0,2,6-2,urine_severity,1.0,6-5,6-6,6-6,80.57328,238.01707,
6,0,3,6-3,Leaf,,,,,-0.106940374,116.99184,
6,0,4,6-4,temperature,36.63,6-7,6-8,6-8,0.20743257,5.9036665,
6,0,5,6-5,ecg_hr,100.5,6-9,6-10,6-10,41.28978,183.1504,
6,0,6,6-6,Leaf,,,,,-0.10503114,54.86667,
6,0,7,6-7,urine_severity,1.0,6-11,6-12,6-12,0.88336533,3.2441175,
6,0,8,6-8,Leaf,,,,,-0.081590585,2.6595488,
6,0,9,6-9,temperature,38.51,6-13,6-14,6-14,14.62262,163.94954,
6,0,10,6-10,Leaf,,,,,-0.10327033,19.200855,
6,0,11,6-11,Leaf,,,,,0.05031449,1.4322017,
6,0,12,6-12,Leaf,,,,,-0.074169174,1.8119158,
6,0,13,6-13,Leaf,,,,,0.13396013,157.96806,
6,0,14,6-14,Leaf,,,,,-0.09302888,5.981481,
7,1,0,7-0,urine_severity,1.0,7-1,7-2,7-2,55.87511,372.89056,
7,1,1,7-1,spo2,95.1,7-3,7-4,7-4,82.12651,280.21317,
7,1,2,7-2,spo2,89.9,7-5,7-6,7-6,4.431282,92.67738,
7,1,3,7-3,spo2,90.1,7-7,7-8,7-8,14.102016,100.28208,
7,1,4,7-4,ecg_hr,100.5,7-9,7-10,7-10,23.655472,179.9311,
7,1,5,7-5,Leaf,,,,,-0.08922902,1.9732416,
7,1,6,7-6,ecg_hr,107.1,7-11,7-12,7-12,2.0318985,90.70415,
7,1,7,7-7,Leaf,,,,,-0.11912776,6.9249353,
7,1,8,7-8,ecg_hr,100.5,7-13,7-14,7-14,9.664047,93.35714,
7,1,9,7-9,temperature,38.51,7-15,7-16,7-16,15.242348,158.9898,
7,1,10,7-10,ecg_hr,120.0,7-17,7-18,7-18,8.184127,20.94129,
7,1,11,7-11,Leaf,,,,,0.112538055,83.60598,
7,1,12,7-12,spo2,92.9,7-19,7-20,7-20,2.4363616,7.098162,
7,1,13,7-13,Leaf,,,,,0.110254675,80.37373,
7,1,14,7-14,Leaf,,,,,-0.027256837,12.98341,
7,1,15,7-15,Leaf,,,,,-0.122570165,152.54755,
7,1,16,7-16,Leaf,,,,,0.10126159,6.44226,
7,1,17,7-17,Leaf,,,,,0.10857901,15.493151,
7,1,18,7-18,Leaf,,,,,-0.09225739,5.4481387,
7,1,19,7-19,Leaf,,,,,-0.0897789,1.975882,
7,1,20,7-20,Leaf,,,,,0.07650104,5.12228,
8,2,0,8-0,ecg_hr,100.5,8-1,8-2,8-2,33.55823,88.69586,
8,2,1,8-1,spo2,90.1,8-3,8-4,8-4,34.212067,70.88364,
8,2,2,8-2,spo2,93.4,8-5,8-6,8-6,10.841942,17.81223,
8,2,3,8-3,Leaf,,,,,0.27912134,5.667118,
8,2,4,8-4,Leaf,,,,,-0.07784479,65.216515,
8,2,5,8-5,Leaf,,,,,0.31378752,6.959828,
8,2,6,8-6,ecg_hr,120.0,8-7,8-8,8-8,14.918434,10.852401,
8,2,7,8-7,Leaf,,,,,-0.06853942,6.546244,
8,2,8,8-8,Leaf,,,,,0.2621404,4.3061566,
9,0,0,9-0,spo2,95.1,9-1,9-2,9-2,73.20661,337.7628,
9,0,1,9-1,spo2,95.0,9-3,9-4,9-4,0.29652023,113.14236,
9,0,2,9-2,urine_severity,1.0,9-5,9-6,9-6,63.472534,224.62042,
9,0,3,9-3,Leaf,,,,,-0.101157404,107.46554,
9,0,4,9-4,temperature,36.63,9-7,9-8,9-8,0.24588639,5.676822,
9,0,5,9-5,ecg_hr,100.5,9-9,9-10,9-10,32.630676,174.50977,
9,0,6,9-6,Leaf,,,,,-0.099080704,50.110653,
9,0,7,9-7,temperature,35.88,9-11,9-12,9-12,0.8722083,3.1253147,
9,0,8,9-8,Leaf,,,,,-0.07773721,2.5515072,
9,0,9,9-9,temperature,38.51,9-13,9-14,9-14,11.491432,156.75359,
9,0,10,9-10,Leaf,,,,,-0.09758437,17.756182,
9,0,11,9-11,Leaf,,,,,-0.06971331,1.7247522,
9,0,12,9-12,Leaf,,,,,0.054800946,1.4005625,
9,0,13,9-13,Leaf,,,,,0.12072309,151.21281,
9,0,14,9-14,Leaf,,,,,-0.087236695,5.5407662,
10,1,0,10-0,urine_severity,1.0,10-1,10-2,10-2,44.488396,349.35294,
10,1,1,10-1,spo2,95.1,10-3,10-4,10-4,64.19936,262.9444,
10,1,2,10-2,spo2,89.9,10-5,10-6,10-6,3.7654915,86.408554,
10,1,3,10-3,spo2,90.1,10-7,10-8,10-8,11.641113,94.22169,
10,1,4,10-4,ecg_hr,100.5,10-9,10-10,10-10,18.557022,168.7227,
10,1,5,10-5,Leaf,,,,,-0.08315618,1.9292816,
10,1,6,10-6,ecg_hr,107.1,10-11,10-12,10-12,1.7646828,84.47927,
10,1,7,10-7,Leaf,,,,,-0.10990838,6.7464805,
10,1,8,10-8,ecg_hr,100.5,10-13,10-14,10-14,8.2277775,87.475204,
10,1,9,10-9,temperature,38.51,10-15,10-16,10-16,12.250084,148.9517,
10,1,10,10-10,ecg_hr,120.0,10-17,10-18,10-18,6.7590647,19.770996,
10,1,11,10-11,Leaf,,,,,0.10478835,77.656204,
10,1,12,10-12,spo2,92.9,10-19,10-20,10-20,2.0199356,6.8230715,
10,1,13,10-13,Leaf,,,,,0.10240788,74.67126,
10,1,14,10-14,Leaf,,,,,-0.025844947,12.803952,
10,1,15,10-15,Leaf,,,,,-0.1122586,142.90025,
10,1,16,10-16,Leaf,,,,,0.09409155,6.051454,
10,1,17,10-17,Leaf,,,,,0.1010044,14.429715,
10,1,18,10-18,Leaf,,,,,-0.08434442,5.34128,
10,1,19,10-19,Leaf,,,,,-0.08314994,1.9288963,
10,1,20,10-20,Leaf,,,,,0.06994775,4.894175,
11,2,0,11-0,spo2,93.0,11-1,11-2,11-2,26.176922,85.082214,
11,2,1,11-1,ecg_hr,99.7,11-3,11-4,11-4,7.306265,22.787603,
11,2,2,11-2,ecg_hr,120.0,11-5,11-6,11-6,21.686388,62.294613,
11,2,3,11-3,spo2,90.1,11-7,11-8,11-8,14.825731,14.873444,
11,2,4,11-4,Leaf,,,,,0.24482197,7.91416,
11,2,5,11-5,Leaf,,,,,-0.077204116,56.7824,
11,2,6,11-6,Leaf,,,,,0.2122264,5.5122147,
11,2,7,11-7,Leaf,,,,,0.21348956,6.8759656,
11,2,8,11-8,Leaf,,,,,-0.07007808,7.9974775,
12,0,0,12-0,spo2,95.1,12-1,12-2,12-2,59.906418,311.54333,
12,0,1,12-1,spo2,95.0,12-3,12-4,12-4,0.32355118,103.24916,
12,0,2,12-2,urine_severity,1.0,12-5,12-6,12-6,50.95422,208.29419,
12,0,3,12-3,Leaf,,,,,-0.0966241,97.80743,
12,0,4,12-4,temperature,36.63,12-7,12-8,12-8,0.27924842,5.4417343,
12,0,5,12-5,ecg_hr,100.5,12-9,12-10,12-10,26.334175,162.96199,
12,0,6,12-6,Leaf,,,,,-0.0944201,45.332195,
12,0,7,12-7,temperature,35.88,12-11,12-12,12-12,0.8169542,3.0034053,
12,0,8,12-8,Leaf,,,,,-0.07444034,2.4383287,
12,0,9,12-9,temperature,38.51,12-13,12-14,12-14,9.259758,146.69081,
12,0,10,12-10,Leaf,,,,,-0.09291309,16.271181,
12,0,11,12-11,Leaf,,,,,-0.064803734,1.616305,
12,0,12,12-12,Leaf,,,,,0.056738816,1.3871003,
12,0,13,12-13,Leaf,,,,,0.11122624,141.5969,
12,0,14,12-14,Leaf,,,,,-0.08239168,5.093925,
13,1,0,13-0,urine_severity,1.0,13-1,13-2,13-2,35.91192,322.81244,
13,1,1,13-1,spo2,95.1,13-3,13-4,13-4,51.0025,243.2236,
13,1,2,13-2,spo2,89.9,13-5,13-6,13-6,3.2260647,79.58883,
13,1,3,13-3,spo2,90.1,13-7,13-8,13-8,9.666292,87.57991,
13,1,4,13-4,ecg_hr,100.5,13-9,13-10,13-10,14.875172,155.64369,
13,1,5,13-5,Leaf,,,,,-0.07774381,1.8681898,
13,1,6,13-6,ecg_hr,107.1,13-11,13-12,13-12,1.5706425,77.72064,
13,1,7,13-7,Leaf,,,,,-0.1022344,6.481358,
13,1,8,13-8,ecg_hr,100.5,13-13,13-14,13-14,7.0646744,81.09855,
13,1,9,13-9,temperature,38.51,13-15,13-16,13-16,10.034164,137.19427,
13,1,10,13-10,ecg_hr,120.0,13-17,13-18,13-18,5.5889587,18.449419,
13,1,11,13-11,Leaf,,,,,0.098828815,71.2365,
13,1,12,13-12,spo2,92.9,13-19,13-20,13-20,1.6603715,6.484136,
13,1,13,13-13,Leaf,,,,,0.09623132,68.51857,
13,1,14,13-14,Leaf,,,,,-0.024241176,12.579986,
13,1,15,13-15,Leaf,,,,,-0.10472373,131.5692,
13,1,16,13-16,Leaf,,,,,0.08824792,5.625064,
13,1,17,13-17,Leaf,,,,,0.09498268,13.267832,
13,1,18,13-18,Leaf,,,,,-0.07708322,5.1815877,
13,1,19,13-19,Leaf,,,,,-0.07713754,1.8594738,
13,1,20,13-20,Leaf,,,,,0.06380789,4.6246624,
14,2,0,14-0,spo2,93.0,14-1,14-2,14-2,21.08991,80.68598,
14,2,1,14-1,ecg_hr,99.7,14-3,14-4,14-4,4.7335186,23.778502,
14,2,2,14-2,ecg_hr,120.0,14-5,14-6,14-6,17.618591,56.90748,
14,2,3,14-3,spo2,90.1,14-7,14-8,14-8,10.8632,14.857105,
14,2,4,14-4,Leaf,,,,,0.2002272,8.921397,
14,2,5,14-5,Leaf,,,,,-0.07664366,50.730526,
14,2,6,14-6,ecg_hr,120.4,14-9,14-10,14-10,0.062563896,6.176951,
14,2,7,14-7,Leaf,,,,,0.17382623,7.700749,
14,2,8,14-8,Leaf,,,,,-0.06879152,7.1563563,
14,2,9,14-9,Leaf,,,,,0.061143916,1.3581656,
14,2,10,14-10,Leaf,,,,,0.19085918,4.818785,
15,0,0,15-0,spo2,95.1,15-1,15-2,15-2,49.464977,284.25928,
15,0,1,15-1,spo2,95.0,15-3,15-4,15-4,0.35263443,93.588486,
15,0,2,15-2,urine_severity,1.0,15-5,15-6,15-6,41.454285,190.67079,
15,0,3,15-3,Leaf,,,,,-0.092995256,88.38455,
15,0,4,15-4,temperature,36.63,15-7,15-8,15-8,0.30809382,5.2039347,
15,0,5,15-5,ecg_hr,100.5,15-9,15-10,15-10,21.62104,149.96182,
15,0,6,15-6,Leaf,,,,,-0.09067782,40.708973,
15,0,7,15-7,urine_severity,1.0,15-11,15-12,15-12,0.8048616,2.8804257,
15,0,8,15-8,Leaf,,,,,-0.07155867,2.323509,
15,0,9,15-9,temperature,38.51,15-13,15-14,15-14,7.598793,135.13696,
15,0,10,15-10,Leaf,,,,,-0.08908363,14.824855,
15,0,11,15-11,Leaf,,,,,0.060434714,1.3560652,
15,0,12,15-12,Leaf,,,,,-0.06149679,1.5243607,
15,0,13,15-13,Leaf,,,,,0.104131006,130.47964,
15,0,14,15-14,Leaf,,,,,-0.07822942,4.6573114,
16,1,0,16-0,urine_severity,1.0,16-1,16-2,16-2,29.295254,295.2763,
16,1,1,16-1,spo2,95.1,16-3,16-4,16-4,41.019375,222.63826,
16,1,2,16-2,spo2,89.9,16-5,16-6,16-6,2.7814426,72.63806,
16,1,3,16-3,spo2,90.1,16-7,16-8,16-8,8.065698,80.75464,
16,1,4,16-4,ecg_hr,100.5,16-9,16-10,16-10,12.076588,141.8836,
16,1,5,16-5,Leaf,,,,,-0.07290759,1.7939044,
16,1,6,16-6,ecg_hr,107.1,16-11,16-12,16-12,1.4066048,70.844154,
16,1,7,16-7,Leaf,,,,,-0.095791824,6.153327,
16,1,8,16-8,ecg_hr,100.5,16-13,16-14,16-14,6.0963955,74.60132,
16,1,9,16-9,temperature,38.51,16-15,16-16,16-16,8.335728,124.798904,
16,1,10,16-10,ecg_hr,120.0,16-17,16-18,16-18,4.6777577,17.084711,
16,1,11,16-11,Leaf,,,,,0.09409982,64.72407,
16,1,12,16-12,spo2,92.9,16-19,16-20,16-20,1.3668854,6.1200876,
16,1,13,16-13,Leaf,,,,,0.09123104,62.283447,
16,1,14,16-14,Leaf,,,,,-0.022511452,12.317869,
16,1,15,16-15,Leaf,,,,,-0.09901081,119.611046,
16,1,16,16-16,Leaf,,,,,0.083350316,5.187857,
16,1,17,16-17,Leaf,,,,,0.090092316,12.084682,
16,1,18,16-18,Leaf,,,,,-0.07110246,5.000028,
16,1,19,16-19,Leaf,,,,,-0.07177518,1.7731118,
16,1,20,16-20,Leaf,,,,,0.05847264,4.346976,
17,2,0,17-0,spo2,93.0,17-1,17-2,17-2,17.219435,75.813446,
17,2,1,17-1,ecg_hr,99.7,17-3,17-4,17-4,3.2955875,24.120304,
17,2,2,17-2,ecg_hr,120.0,17-5,17-6,17-6,14.782213,51.693146,
17,2,3,17-3,spo2,90.1,17-7,17-8,17-8,8.276568,14.576767,
17,2,4,17-4,Leaf,,,,,0.1712804,9.543536,
17,2,5,17-5,Leaf,,,,,-0.0760955,45.102764,
17,2,6,17-6,ecg_hr,120.4,17-9,17-10,17-10,0.05235815,6.59038,
17,2,7,17-7,Leaf,,,,,0.14743213,8.19287,
17,2,8,17-8,Leaf,,,,,-0.067445874,6.3838973,
17,2,9,17-9,Leaf,,,,,0.053507995,1.4131982,
17,2,10,17-10,Leaf,,,,,0.16400293,5.177182,
18,0,0,18-0,spo2,95.1,18-1,18-2,18-2,41.127872,257.20966,
18,0,1,18-1,spo2,95.0,18-3,18-4,18-4,0.3834858,84.40071,
18,0,2,18-2,urine_severity,1.0,18-5,18-6,18-6,34.07551,172.80894,
18,0,3,18-3,Leaf,,,,,-0.09004089,79.42965,
18,0,4,18-4,temperature,36.63,18-7,18-8,18-8,0.3334788,4.971059,
18,0,5,18-5,ecg_hr,100.5,18-9,18-10,18-10,17.95644,136.45865,
18,0,6,18-6,Leaf,,,,,-0.087609656,36.350292,
18,0,7,18-7,temperature,35.88,18-11,18-12,18-12,0.7543349,2.7612658,
18,0,8,18-8,Leaf,,,,,-0.068997726,2.209793,
18,0,9,18-9,temperature,38.51,18-13,18-14,18-14,6.323536,123.024475,
18,0,10,18-10,Leaf,,,,,-0.08581744,13.434175,
18,0,11,18-11,Leaf,,,,,-0.05759849,1.4160948,
18,0,12,18-12,Leaf,,,,,0.061831873,1.345171,
18,0,13,18-13,Leaf,,,,,0.098668665,118.7832,
18,0,14,18-14,Leaf,,,,,-0.0745685,4.241265,
19,1,0,19-0,urine_severity,1.0,19-1,19-2,19-2,24.053354,268.02353,
19,1,1,19-1,spo2,95.1,19-3,19-4,19-4,33.306385,202.20961,
19,1,2,19-2,spo2,89.9,19-5,19-6,19-6,2.409134,65.81393,
19,1,3,19-3,spo2,90.3,19-7,19-8,19-8,6.7675695,74.03369,
19,1,4,19-4,ecg_hr,100.5,19-9,19-10,19-10,9.927595,128.17592,
19,1,5,19-5,Leaf,,,,,-0.068562485,1.7103183,
19,1,6,19-6,ecg_hr,107.1,19-11,19-12,19-12,1.2653255,64.10361,
19,1,7,19-7,spo2,90.1,19-13,19-14,19-14,0.49609864,7.815416,
19,1,8,19-8,ecg_hr,118.5,19-15,19-16,19-16,4.2556505,66.21828,
19,1,9,19-9,temperature,38.51,19-17,19-18,19-18,7.0011787,112.455536,
19,1,10,19-10,ecg_hr,120.0,19-19,19-20,19-20,3.9240775,15.720383,
19,1,11,19-11,Leaf,,,,,0.09022453,58.35775,
19,1,12,19-12,spo2,92.9,19-21,19-22,19-22,1.125763,5.745859,
19,1,13,19-13,Leaf,,,,,-0.09031127,5.784297,
19,1,14,19-14,Leaf,,,,,-0.0038358092,2.0311193,
19,1,15,19-15,Leaf,,,,,0.0785651,63.44692,
19,1,16,19-16,Leaf,,,,,-0.08948861,2.7713547,
19,1,17,19-17,Leaf,,,,,-0.094557844,107.69873,
19,1,18,19-18,Leaf,,,,,0.07914235,4.7568083,
19,1,19,19-19,Leaf,,,,,0.08601449,10.927213,
19,1,20,19-20,Leaf,,,,,-0.06565596,4.7931705,
19,1,21,19-21,Leaf,,,,,-0.066964276,1.6749003,
19,1,22,19-22,Leaf,,,,,0.053697705,4.0709586,
20,2,0,20-0,spo2,93.0,20-1,20-2,20-2,14.203483,70.72054,
20,2,1,20-1,ecg_hr,99.7,20-3,20-4,20-4,2.4151897,23.947844,
20,2,2,20-2,ecg_hr,120.0,20-5,20-6,20-6,12.575326,46.7727,
20,2,3,20-3,spo2,90.1,20-7,20-8,20-8,6.475845,14.09341,
20,2,4,20-4,Leaf,,,,,0.15112293,9.854434,
20,2,5,20-5,Leaf,,,,,-0.07555853,39.951603,
20,2,6,20-6,ecg_hr,120.4,20-9,20-10,20-10,0.062829494,6.821097,
20,2,7,20-7,ecg_hr,81.3,20-11,20-12,20-12,0.05827284,8.410706,
20,2,8,20-8,Leaf,,,,,-0.06603884,5.6827044,
20,2,9,20-9,Leaf,,,,,0.04685548,1.4527687,
20,2,10,20-10,Leaf,,,,,0.14489962,5.3683286,
20,2,11,20-11,Leaf,,,,,0.13812391,6.9811125,
20,2,12,20-12,Leaf,,,,,0.044644114,1.4295931,
21,0,0,21-0,spo2,95.1,21-1,21-2,21-2,34.34687,231.301,
21,0,1,21-1,spo2,95.0,21-3,21-4,21-4,0.43431664,75.88836,
21,0,2,21-2,urine_severity,1.0,21-5,21-6,21-6,28.235569,155.41264,
21,0,3,21-3,Leaf,,,,,-0.087544255,71.18757,
21,0,4,21-4,temperature,36.63,21-7,21-8,21-8,0.33619303,4.70079,
21,0,5,21-5,ecg_hr,100.5,21-9,21-10,21-10,15.047039,123.09645,
21,0,6,21-6,Leaf,,,,,-0.08504574,32.316193,
21,0,7,21-7,urine_severity,1.0,21-11,21-12,21-12,0.7345418,2.6499767,
21,0,8,21-8,Leaf,,,,,-0.065176636,2.050813,
21,0,9,21-9,temperature,38.51,21-13,21-14,21-14,5.3213196,110.97337,
21,0,10,21-10,Leaf,,,,,-0.0829789,12.123077,
21,0,11,21-11,Leaf,,,,,0.06438416,1.3207183,
21,0,12,21-12,Leaf,,,,,-0.054948684,1.3292584,
21,0,13,21-13,Leaf,,,,,0.094364256,107.121506,
21,0,14,21-14,Leaf,,,,,-0.071281284,3.851865,
22,1,0,22-0,urine_severity,1.0,22-1,22-2,22-2,19.898897,242.04398,
22,1,1,22-1,spo2,95.1,22-3,22-4,22-4,27.123213,182.72491,
22,1,2,22-2,spo2,89.9,22-5,22-6,22-6,2.084507,59.319054,
22,1,3,22-3,spo2,90.3,22-7,22-8,22-8,5.6995645,67.73491,
22,1,4,22-4,ecg_hr,100.5,22-9,22-10,22-10,8.24398,114.990005,
22,1,5,22-5,Leaf,,,,,-0.06443444,1.6161301,
22,1,6,22-6,ecg_hr,107.1,22-11,22-12,22-12,1.142973,57.702923,
22,1,7,22-7,spo2,90.1,22-13,22-14,22-14,0.41916394,7.372884,
22,1,8,22-8,ecg_hr,100.5,22-15,22-16,22-16,3.9026594,60.36203,
22,1,9,22-9,temperature,38.51,22-17,22-18,22-18,5.9326973,100.59346,
22,1,10,22-10,ecg_hr,120.0,22-19,22-20,22-20,3.297267,14.39655,
22,1,11,22-11,Leaf,,,,,0.08700373,52.33,
22,1,12,22-12,spo2,92.9,22-21,22-22,22-22,0.92733,5.3729205,
22,1,13,22-13,Leaf,,,,,-0.085692585,5.402562,
22,1,14,22-14,Leaf,,,,,-0.0042842394,1.970322,
22,1,15,22-15,Leaf,,,,,0.083501995,49.76486,
22,1,16,22-16,Leaf,,,,,-0.015280993,10.597172,
22,1,17,22-17,Leaf,,,,,-0.091010325,96.2504,
22,1,18,22-18,Leaf,,,,,0.075445324,4.343058,
22,1,19,22-19,Leaf,,,,,0.082530074,9.825678,
22,1,20,22-20,Leaf,,,,,-0.0606572,4.5708723,
22,1,21,22-21,Leaf,,,,,-0.06261444,1.5695769,
22,1,22,22-22,Leaf,,,,,0.04935704,3.8033435,
23,2,0,23-0,spo2,93.0,23-1,23-2,23-2,11.884628,65.58231,
23,2,1,23-1,ecg_hr,99.7,23-3,23-4,23-4,1.9048452,23.411482,
23,2,2,23-2,ecg_hr,120.0,23-5,23-6,23-6,10.739664,42.170834,
23,2,3,23-3,spo2,90.1,23-7,23-8,23-8,5.233297,13.502879,
23,2,4,23-4,Leaf,,,,,0.13758783,9.908603,
23,2,5,23-5,Leaf,,,,,-0.07501971,35.259605,
23,2,6,23-6,ecg_hr,120.4,23-9,23-10,23-10,0.07536888,6.91123,
23,2,7,23-7,temperature,35.72,23-11,23-12,23-12,0.06562853,8.3995695,
23,2,8,23-8,Leaf,,,,,-0.06472848,5.10331,
23,2,9,23-9,Leaf,,,,,0.041002143,1.4789674,
23,2,10,23-10,Leaf,,,,,0.12999266,5.432263,
23,2,11,23-11,Leaf,,,,,0.03888556,1.4258237,
23,2,12,23-12,Leaf,,,,,0.12401753,6.9737453,
24,0,0,24-0,spo2,95.1,24-1,24-2,24-2,28.826721,206.93088,
24,0,1,24-1,spo2,95.0,24-3,24-4,24-4,0.46640778,68.00999,
24,0,2,24-2,urine_severity,1.0,24-5,24-6,24-6,23.54469,138.9209,
24,0,3,24-3,Leaf,,,,,-0.085494,63.52502,
24,0,4,24-4,temperature,36.63,24-7,24-8,24-8,0.35441902,4.4849687,
24,0,5,24-5,ecg_hr,100.5,24-9,24-10,24-10,12.701233,110.28808,
24,0,6,24-6,Leaf,,,,,-0.082863174,28.632814,
24,0,7,24-7,temperature,35.88,24-11,24-12,24-12,0.6909297,2.5418005,
24,0,8,24-8,Leaf,,,,,-0.06301857,1.9431683,
24,0,9,24-9,temperature,38.51,24-13,24-14,24-14,4.5193176,99.38191,
24,0,10,24-10,Leaf,,,,,-0.080468684,10.906169,
24,0,11,24-11,Leaf,,,,,-0.051780377,1.2312938,
24,0,12,24-12,Leaf,,,,,0.065549165,1.3105067,
24,0,13,24-13,Leaf,,,,,0.090907425,95.88971,
24,0,14,24-14,Leaf,,,,,-0.06827636,3.4922004,
25,1,0,25-0,urine_severity,1.0,25-1,25-2,25-2,16.482758,217.53548,
25,1,1,25-1,spo2,95.1,25-3,25-4,25-4,22.281847,164.29512,
25,1,2,25-2,spo2,89.9,25-5,25-6,25-6,1.8304129,53.240364,
25,1,3,25-3,spo2,90.3,25-7,25-8,25-8,4.8089385,61.689053,
25,1,4,25-4,ecg_hr,100.5,25-9,25-10,25-10,6.9030056,102.60606,
25,1,5,25-5,Leaf,,,,,-0.061115917,1.5301913,
25,1,6,25-6,ecg_hr,107.1,25-11,25-12,25-12,1.0340557,51.71017,
25,1,7,25-7,spo2,90.1,25-13,25-14,25-14,0.35655773,6.908747,
25,1,8,25-8,ecg_hr,100.5,25-15,25-16,25-16,3.4049616,54.780308,
25,1,9,25-9,temperature,38.51,25-17,25-18,25-18,5.06468,89.46564,
25,1,10,25-10,ecg_hr,120.4,25-19,25-20,25-20,2.7776468,13.14042,
25,1,11,25-11,Leaf,,,,,0.084234074,46.701283,
25,1,12,25-12,spo2,92.9,25-21,25-22,25-22,0.7632561,5.008889,
25,1,13,25-13,Leaf,,,,,-0.08150244,5.000858,
25,1,14,25-14,Leaf,,,,,-0.0045360457,1.9078891,
25,1,15,25-15,Leaf,,,,,0.08039519,44.51413,
25,1,16,25-16,Leaf,,,,,-0.0140081765,10.266176,
25,1,17,25-17,Leaf,,,,,-0.0881324,85.51217,
25,1,18,25-18,Leaf,,,,,0.07213195,3.9534688,
25,1,19,25-19,Leaf,,,,,0.070749186,10.100668,
25,1,20,25-20,Leaf,,,,,-0.075752996,3.0397522,
25,1,21,25-21,Leaf,,,,,-0.058622822,1.4604759,
25,1,22,25-22,Leaf,,,,,0.045360927,3.5484135,
26,2,0,26-0,spo2,93.0,26-1,26-2,26-2,9.950206,60.5426,
26,2,1,26-1,ecg_hr,99.7,26-3,26-4,26-4,1.4984264,22.593458,
26,2,2,26-2,ecg_hr,120.0,26-5,26-6,26-6,9.287352,37.949142,
26,2,3,26-3,spo2,90.1,26-7,26-8,26-8,4.2757397,12.789034,
26,2,4,26-4,Leaf,,,,,0.1263597,9.804423,
26,2,5,26-5,Leaf,,,,,-0.074489035,31.073593,
26,2,6,26-6,ecg_hr,120.4,26-9,26-10,26-10,0.09516573,6.8755484,
26,2,7,26-7,spo2,90.0,26-11,26-12,26-12,0.07753086,8.2288685,
26,2,8,26-8,Leaf,,,,,-0.06330481,4.560166,
26,2,9,26-9,Leaf,,,,,0.035806563,1.4939415,
26,2,10,26-10,Leaf,,,,,0.11924597,5.3816066,
26,2,11,26-11,Leaf,,,,,0.113269575,6.8251467,
26,2,12,26-12,Leaf,,,,,0.03365658,1.4037216,
27,0,0,27-0,spo2,95.1,27-1,27-2,27-2,24.261002,184.43762,
27,0,1,27-1,spo2,95.0,27-3,27-4,27-4,0.4977169,60.828724,
27,0,2,27-2,urine_severity,1.0,27-5,27-6,27-6,19.725845,123.6089,
27,0,3,27-3,Leaf,,,,,-0.08375513,56.547527,
27,0,4,27-4,temperature,36.63,27-7,27-8,27-8,0.3698241,4.281197,
27,0,5,27-5,ecg_hr,100.5,27-9,27-10,27-10,10.803436,98.30399,
27,0,6,27-6,Leaf,,,,,-0.08097087,25.30491,
27,0,7,27-7,urine_severity,1.0,27-11,27-12,27-12,0.6708263,2.4402757,
27,0,8,27-8,Leaf,,,,,-0.061026298,1.8409214,
27,0,9,27-9,temperature,38.51,27-13,27-14,27-14,3.8682594,88.4914,
27,0,10,27-10,Leaf,,,,,-0.07818344,9.812593,
27,0,11,27-11,Leaf,,,,,0.06778371,1.2881682,
27,0,12,27-12,Leaf,,,,,-0.049473885,1.1521075,
27,0,13,27-13,Leaf,,,,,0.08808609,85.3281,
27,0,14,27-14,Leaf,,,,,-0.06548778,3.1632974,
28,1,0,28-0,urine_severity,1.0,28-1,28-2,28-2,13.7363405,194.96207,
28,1,1,28-1,spo2,95.1,28-3,28-4,28-4,18.346828,147.31345,
28,1,2,28-2,spo2,89.9,28-5,28-6,28-6,1.5923405,47.648632,
28,1,3,28-3,spo2,90.3,28-7,28-8,28-8,4.073293,56.060875,
28,1,4,28-4,ecg_hr,100.5,28-9,28-10,28-10,5.8068485,91.25256,
28,1,5,28-5,Leaf,,,,,-0.05763424,1.4321226,
28,1,6,28-6,ecg_hr,107.1,28-11,28-12,28-12,0.93892574,46.21651,
28,1,7,28-7,spo2,90.1,28-13,28-14,28-14,0.30725622,6.458739,
28,1,8,28-8,ecg_hr,100.5,28-15,28-16,28-16,2.9681892,49.602135,
28,1,9,28-9,temperature,38.51,28-17,28-18,28-18,4.3512287,79.205795,
28,1,10,28-10,ecg_hr,120.0,28-19,28-20,28-20,2.4056342,12.046768,
28,1,11,28-11,ecg_hr,100.5,28-21,28-22,28-22,0.021576881,41.556362,
28,1,12,28-12,spo2,92.9,28-23,28-24,28-24,0.6280526,4.6601467,
28,1,13,28-13,Leaf,,,,,-0.0779099,4.6145434,
28,1,14,28-14,Leaf,,,,,-0.0046497136,1.8441955,
28,1,15,28-15,Leaf,,,,,0.077561684,39.68186,
28,1,16,28-16,Leaf,,,,,-0.012781096,9.920273,
28,1,17,28-17,Leaf,,,,,-0.085760295,75.614,
28,1,18,28-18,Leaf,,,,,0.06911005,3.5918016,
28,1,19,28-19,Leaf,,,,,0.07690042,7.903535,
28,1,20,28-20,Leaf,,,,,-0.05304964,4.143233,
28,1,21,28-21,Leaf,,,,,0.08439175,37.87935,
28,1,22,28-22,Leaf,,,,,0.043346614,3.6770127,
28,1,23,28-23,Leaf,,,,,-0.054953042,1.3515475,
28,1,24,28-24,Leaf,,,,,0.04165496,3.3085992,
29,2,0,29-0,ecg_hr,100.5,29-1,29-2,29-2,8.429352,55.681107,
29,2,1,29-1,spo2,90.1,29-3,29-4,29-4,8.7765045,35.96517,
29,2,2,29-2,spo2,93.4,29-5,29-6,29-6,0.9828396,19.715933,
29,2,3,29-3,ecg_hr,81.3,29-7,29-8,29-8,0.080495596,7.9427466,
29,2,4,29-4,Leaf,,,,,-0.07401436,28.022427,
29,2,5,29-5,Leaf,,,,,0.11620647,10.215096,
29,2,6,29-6,ecg_hr,120.0,29-9,29-10,29-10,2.8306663,9.500837,
29,2,7,29-7,Leaf,,,,,0.10464912,6.5726066,
29,2,8,29-8,Leaf,,,,,0.029559894,1.3701401,
29,2,9,29-9,Leaf,,,,,-0.05894868,3.2592049,
29,2,10,29-10,ecg_hr,120.4,29-11,29-12,29-12,0.039370537,6.241633,
29,2,11,29-11,Leaf,,,,,0.0347475,1.4959252,
29,2,12,29-12,Leaf,,,,,0.1074085,4.7457075,
30,0,0,30-0,spo2,95.1,30-1,30-2,30-2,20.465168,163.90929,
30,0,1,30-1,spo2,95.0,30-3,30-4,30-4,0.5271807,54.341663,
30,0,2,30-2,urine_severity,1.0,30-5,30-6,30-6,16.613493,109.56762,
30,0,3,30-3,Leaf,,,,,-0.082263306,50.24676,
30,0,4,30-4,temperature,36.63,30-7,30-8,30-8,0.3808453,4.0949016,
30,0,5,30-5,ecg_hr,100.5,30-9,30-10,30-10,9.21957,87.22739,
30,0,6,30-6,Leaf,,,,,-0.07930938,22.340229,
30,0,7,30-7,temperature,35.88,30-11,30-12,30-12,0.6344051,2.351216,
30,0,8,30-8,Leaf,,,,,-0.059153076,1.7436854,
30,0,9,30-9,temperature,38.51,30-13,30-14,30-14,3.3335133,78.4329,
30,0,10,30-10,Leaf,,,,,-0.076106414,8.794494,
30,0,11,30-11,Leaf,,,,,-0.046940148,1.0721413,
30,0,12,30-12,Leaf,,,,,0.068706036,1.2790749,
30,0,13,30-13,Leaf,,,,,0.085749805,75.56809,
30,0,14,30-14,Leaf,,,,,-0.06286799,2.8648026,
31,1,0,31-0,urine_severity,1.0,31-1,31-2,31-2,11.478489,174.3053,
31,1,1,31-1,spo2,95.1,31-3,31-4,31-4,15.15045,131.73236,
31,1,2,31-2,spo2,89.9,31-5,31-6,31-6,1.3880434,42.572937,
31,1,3,31-3,spo2,90.3,31-7,31-8,31-8,3.4564037,50.88886,
31,1,4,31-4,ecg_hr,100.5,31-9,31-10,31-10,4.9341097,80.843506,
31,1,5,31-5,Leaf,,,,,-0.054412346,1.3351877,
31,1,6,31-6,ecg_hr,118.5,31-11,31-12,31-12,0.8794012,41.237747,
31,1,7,31-7,spo2,90.1,31-13,31-14,31-14,0.26447356,6.0182514,
31,1,8,31-8,ecg_hr,100.5,31-15,31-16,31-16,2.5850248,44.87061,
31,1,9,31-9,temperature,38.51,31-17,31-18,31-18,3.7591496,69.867645,
31,1,10,31-10,ecg_hr,120.0,31-19,31-20,31-20,2.033997,10.975859,
31,1,11,31-11,spo2,93.0,31-21,31-22,31-22,0.3655157,40.156,
31,1,12,31-12,Leaf,,,,,-0.0358848,1.0817497,
31,1,13,31-13,Leaf,,,,,-0.0746446,4.2408223,
31,1,14,31-14,Leaf,,,,,-0.0047903173,1.7774293,
31,1,15,31-15,Leaf,,,,,0.07497314,35.29936,
31,1,16,31-16,Leaf,,,,,-0.011560975,9.571248,
31,1,17,31-17,Leaf,,,,,-0.08377615,66.60803,
31,1,18,31-18,Leaf,,,,,0.06631223,3.259615,
31,1,19,31-19,Leaf,,,,,0.0744364,7.053312,
31,1,20,31-20,Leaf,,,,,-0.04905326,3.9225473,
31,1,21,31-21,Leaf,,,,,0.033008203,5.786205,
31,1,22,31-22,Leaf,,,,,0.08242576,34.369793,
32,2,0,32-0,ecg_hr,100.5,32-1,32-2,32-2,7.0923758,51.107964,
32,2,1,32-1,spo2,90.1,32-3,32-4,32-4,7.540818,32.133778,
32,2,2,32-2,spo2,96.4,32-5,32-6,32-6,0.8525934,18.974188,
32,2,3,32-3,spo2,90.0,32-7,32-8,32-8,0.07902789,7.5771766,
32,2,4,32-4,Leaf,,,,,-0.07345984,24.556599,
32,2,5,32-5,spo2,93.0,32-9,32-10,32-10,0.13925123,15.305087,
32,2,6,32-6,spo2,98.3,32-11,32-12,32-12,0.67358774,3.6691008,
32,2,7,32-7,Leaf,,,,,0.09760028,6.246893,
32,2,8,32-8,Leaf,,,,,0.026282148,1.3302836,
32,2,9,32-9,Leaf,,,,,0.11047634,9.2417555,
32,2,10,32-10,ecg_hr,118.5,32-13,32-14,32-14,1.8528348,6.0633316,
32,2,11,32-11,Leaf,,,,,-0.057701483,1.1309886,
32,2,12,32-12,ecg_hr,120.4,32-15,32-16,32-16,0.067554265,2.5381122,
32,2,13,32-13,Leaf,,,,,-0.05011393,1.8414023,
32,2,14,32-14,Leaf,,,,,0.10561832,4.221929,
32,2,15,32-15,Leaf,,,,,0.010123581,1.1934328,
32,2,16,32-16,Leaf,,,,,0.06508261,1.3446794,
33,0,0,33-0,spo2,95.0,33-1,33-2,33-2,17.420677,145.35863,
33,0,1,33-1,Leaf,,,,,-0.0809726,44.671703,
33,0,2,33-2,urine_severity,1.0,33-3,33-4,33-4,14.491604,100.68693,
33,0,3,33-3,ecg_hr,100.5,33-5,33-6,33-6,9.043332,79.86365,
33,0,4,33-4,Leaf,,,,,-0.078370474,20.82328,
33,0,5,33-5,temperature,38.51,33-7,33-8,33-8,2.883852,70.939125,
33,0,6,33-6,Leaf,,,,,-0.076537214,8.924524,
33,0,7,33-7,Leaf,,,,,0.08354875,68.343666,
33,0,8,33-8,Leaf,,,,,-0.060382947,2.5954614,
34,1,0,34-0,urine_severity,1.0,34-1,34-2,34-2,9.606644,155.69771,
34,1,1,34-1,spo2,95.1,34-3,34-4,34-4,12.519947,117.64003,
34,1,2,34-2,spo2,93.0,34-5,34-6,34-6,1.2145591,38.057682,
34,1,3,34-3,spo2,90.3,34-7,34-8,34-8,2.933356,46.15246,
34,1,4,34-4,ecg_hr,100.5,34-9,34-10,34-10,4.2184515,71.48757,
34,1,5,34-5,ecg_hr,98.6,34-11,34-12,34-12,0.8997433,6.9351797,
34,1,6,34-6,ecg_hr,116.2,34-13,34-14,34-14,0.45053387,31.122501,
34,1,7,34-7,spo2,90.1,34-15,34-16,34-16,0.2290771,5.594722,
34,1,8,34-8,ecg_hr,118.5,34-17,34-18,34-18,2.2700434,40.557735,
34,1,9,34-9,temperature,38.51,34-19,34-20,34-20,3.2638683,61.452175,
34,1,10,34-10,ecg_hr,120.4,34-21,34-22,34-22,1.7563741,10.0354,
34,1,11,34-11,spo2,89.9,34-23,34-24,34-24,0.95985436,5.2435107,
34,1,12,34-12,Leaf,,,,,-0.06623087,1.691669,
34,1,13,34-13,Leaf,,,,,0.08072437,30.100094,
34,1,14,34-14,Leaf,,,,,-0.010944014,1.0224072,
34,1,15,34-15,Leaf,,,,,-0.071669854,3.8851175,
34,1,16,34-16,Leaf,,,,,-0.0048240256,1.7096041,
34,1,17,34-17,Leaf,,,,,0.06285332,38.29892,
34,1,18,34-18,Leaf,,,,,-0.070991844,2.2588177,
34,1,19,34-19,Leaf,,,,,-0.08209249,58.49517,
34,1,20,34-20,Leaf,,,,,0.06368965,2.9570057,
34,1,21,34-21,Leaf,,,,,0.06250662,7.595589,
34,1,22,34-22,Leaf,,,,,-0.06549489,2.4398112,
34,1,23,34-23,Leaf,,,,,-0.051415052,1.2411218,
34,1,24,34-24,Leaf,,,,,0.07000387,4.002389,
35,2,0,35-0,spo2,93.0,35-1,35-2,35-2,6.023653,46.89758,
35,2,1,35-1,ecg_hr,99.7,35-3,35-4,35-4,0.81346464,19.26534,
35,2,2,35-2,ecg_hr,120.0,35-5,35-6,35-6,6.2417717,27.632238,
35,2,3,35-3,spo2,90.1,35-7,35-8,35-8,2.4340703,10.384203,
35,2,4,35-4,Leaf,,,,,0.1047831,8.881139,
35,2,5,35-5,Leaf,,,,,-0.07287505,21.26374,
35,2,6,35-6,ecg_hr,120.4,35-9,35-10,35-10,0.09524655,6.368499,
35,2,7,35-7,temperature,35.72,35-11,35-12,35-12,0.09689331,7.169907,
35,2,8,35-8,Leaf,,,,,-0.058457207,3.2142956,
35,2,9,35-9,Leaf,,,,,0.02686625,1.4964608,
35,2,10,35-10,Leaf,,,,,0.0977982,4.872038,
35,2,11,35-11,Leaf,,,,,0.021880142,1.2815539,
35,2,12,35-12,Leaf,,,,,0.091928944,5.888353,
36,0,0,36-0,spo2,95.0,36-1,36-2,36-2,14.9059305,128.6802,
36,0,1,36-1,Leaf,,,,,-0.07976453,39.684204,
36,0,2,36-2,urine_severity,1.0,36-3,36-4,36-4,12.230699,88.996,
36,0,3,36-3,ecg_hr,100.5,36-5,36-6,36-6,7.798294,70.719574,
36,0,4,36-4,Leaf,,,,,-0.07692057,18.27643,
36,0,5,36-5,temperature,38.51,36-7,36-8,36-8,2.5122032,62.691483,
36,0,6,36-6,Leaf,,,,,-0.07461108,8.02809,
36,0,7,36-7,Leaf,,,,,0.081825495,60.338,
36,0,8,36-8,Leaf,,,,,-0.058008775,2.3534822,
37,1,0,37-0,urine_severity,1.0,37-1,37-2,37-2,8.044065,138.905,
37,1,1,37-1,spo2,95.1,37-3,37-4,37-4,10.379208,105.12529,
37,1,2,37-2,spo2,93.0,37-5,37-6,37-6,1.0795994,33.779713,
37,1,3,37-3,spo2,90.3,37-7,37-8,37-8,2.4704921,42.00036,
37,1,4,37-4,ecg_hr,100.5,37-9,37-10,37-10,3.5935478,63.12493,
37,1,5,37-5,ecg_hr,98.6,37-11,37-12,37-12,0.75569355,6.3284507,
37,1,6,37-6,ecg_hr,115.6,37-13,37-14,37-14,0.2780409,27.451263,
37,1,7,37-7,spo2,90.1,37-15,37-16,37-16,0.19986624,5.1841903,
37,1,8,37-8,ecg_hr,100.5,37-17,37-18,37-18,2.101287,36.816166,
37,1,9,37-9,temperature,38.51,37-19,37-20,37-20,2.846818,53.936905,
37,1,10,37-10,ecg_hr,120.0,37-21,37-22,37-22,1.5167173,9.188026,
37,1,11,37-11,spo2,89.9,37-23,37-24,37-24,0.8417825,4.7563553,
37,1,12,37-12,Leaf,,,,,-0.062261228,1.5720954,
37,1,13,37-13,Leaf,,,,,0.07908877,26.026924,
37,1,14,37-14,Leaf,,,,,0.0063012443,1.4243398,
37,1,15,37-15,Leaf,,,,,-0.06878225,3.539973,
37,1,16,37-16,Leaf,,,,,-0.0046682465,1.644217,
37,1,17,37-17,Leaf,,,,,0.0703857,28.113821,
37,1,18,37-18,Leaf,,,,,-0.012350944,8.702347,
37,1,19,37-19,Leaf,,,,,-0.080644615,51.253845,
37,1,20,37-20,Leaf,,,,,0.061206874,2.6830604,
37,1,21,37-21,Leaf,,,,,0.07011188,5.642588,
37,1,22,37-22,Leaf,,,,,-0.043376952,3.5454383,
37,1,23,37-23,Leaf,,,,,-0.048986048,1.1624458,
37,1,24,37-24,Leaf,,,,,0.06770677,3.5939093,
38,2,0,38-0,ecg_hr,100.5,38-1,38-2,38-2,5.213785,42.868874,
38,2,1,38-1,spo2,90.1,38-3,38-4,38-4,5.5999155,25.664505,
38,2,2,38-2,spo2,96.4,38-5,38-6,38-6,0.66232634,17.204369,
38,2,3,38-3,ecg_hr,81.3,38-7,38-8,38-8,0.10094762,6.7315564,
38,2,4,38-4,Leaf,,,,,-0.072308086,18.93295,
38,2,5,38-5,spo2,93.4,38-9,38-10,38-10,0.06481457,13.9153595,
38,2,6,38-6,ecg_hr,120.4,38-11,38-12,38-12,0.4041366,3.2890086,
38,2,7,38-7,Leaf,,,,,0.08707174,5.50376,
38,2,8,38-8,Leaf,,,,,0.018740598,1.2277966,
38,2,9,38-9,Leaf,,,,,0.09854656,9.073222,
38,2,10,38-10,ecg_hr,118.5,38-13,38-14,38-14,1.1860409,4.8421373,
38,2,11,38-11,Leaf,,,,,-0.027808402,2.087457,
38,2,12,38-12,Leaf,,,,,0.056613483,1.2015517,
38,2,13,38-13,Leaf,,,,,-0.044938724,1.4051311,
38,2,14,38-14,Leaf,,,,,0.09114276,3.4370062,
39,0,0,39-0,spo2,95.0,39-1,39-2,39-2,12.770846,113.787056,
39,0,1,39-1,Leaf,,,,,-0.07873783,35.19684,
39,0,2,39-2,urine_severity,1.0,39-3,39-4,39-4,10.3354645,78.59022,
39,0,3,39-3,ecg_hr,100.5,39-5,39-6,39-6,6.8006296,62.55738,
39,0,4,39-4,Leaf,,,,,-0.07557276,16.032837,
39,0,5,39-5,temperature,38.51,39-7,39-8,39-8,2.19975,55.301937,
39,0,6,39-6,Leaf,,,,,-0.073066555,7.2554417,
39,0,7,39-7,Leaf,,,,,0.08034615,53.165154,
39,0,8,39-8,Leaf,,,,,-0.055729244,2.1367843,
40,1,0,40-0,urine_severity,1.0,40-1,40-2,40-2,6.7560883,123.82546,
40,1,1,40-1,spo2,95.1,40-3,40-4,40-4,8.627291,93.83246,
40,1,2,40-2,spo2,93.0,40-5,40-6,40-6,0.9539995,29.993,
40,1,3,40-3,spo2,90.3,40-7,40-8,40-8,2.1024497,38.16284,
40,1,4,40-4,ecg_hr,100.5,40-9,40-10,40-10,3.0873547,55.669617,
40,1,5,40-5,ecg_hr,98.6,40-11,40-12,40-12,0.6387174,5.7567377,
40,1,6,40-6,ecg_hr,115.6,40-13,40-14,40-14,0.26586485,24.236261,
40,1,7,40-7,spo2,90.1,40-15,40-16,40-16,0.17383093,4.806696,
40,1,8,40-8,ecg_hr,100.5,40-17,40-18,40-18,1.8221076,33.356148,
40,1,9,40-9,temperature,38.51,40-19,40-20,40-20,2.493414,47.259212,
40,1,10,40-10,ecg_hr,120.0,40-21,40-22,40-22,1.3022367,8.410408,
40,1,11,40-11,spo2,89.9,40-23,40-24,40-24,0.7301049,4.2998652,
40,1,12,40-12,Leaf,,,,,-0.05861196,1.4568722,
40,1,13,40-13,Leaf,,,,,0.07771789,22.86047,
40,1,14,40-14,Leaf,,,,,0.005560487,1.3757926,
40,1,15,40-15,Leaf,,,,,-0.06617825,3.2303038,
40,1,16,40-16,Leaf,,,,,-0.004625544,1.5763923,
40,1,17,40-17,Leaf,,,,,0.068154156,25.01397,
40,1,18,40-18,Leaf,,,,,-0.011204127,8.342176,
40,1,19,40-19,Leaf,,,,,-0.079378426,44.822998,
40,1,20,40-20,Leaf,,,,,0.05883842,2.4362128,
40,1,21,40-21,Leaf,,,,,0.06805227,5.034819,
40,1,22,40-22,Leaf,,,,,-0.0404436,3.375589,
40,1,23,40-23,Leaf,,,,,-0.046340857,1.0768843,
40,1,24,40-24,Leaf,,,,,0.065453134,3.222981,
41,2,0,41-0,ecg_hr,100.5,41-1,41-2,41-2,4.406797,39.224545,
41,2,1,41-1,spo2,90.1,41-3,41-4,41-4,4.8384695,22.862309,
41,2,2,41-2,spo2,96.4,41-5,41-6,41-6,0.58189774,16.362236,
41,2,3,41-3,spo2,90.0,41-7,41-8,41-8,0.098757625,6.2856364,
41,2,4,41-4,Leaf,,,,,-0.071669586,16.576674,
41,2,5,41-5,spo2,93.0,41-9,41-10,41-10,0.057775974,13.21972,
41,2,6,41-6,ecg_hr,120.4,41-11,41-12,41-12,0.35932204,3.1425166,
41,2,7,41-7,Leaf,,,,,0.08278016,5.1070805,
41,2,8,41-8,Leaf,,,,,0.01640021,1.1785558,
41,2,9,41-9,Leaf,,,,,0.09538797,8.02057,
41,2,10,41-10,ecg_hr,118.5,41-13,41-14,41-14,1.2203624,5.1991496,
41,2,11,41-11,Leaf,,,,,-0.027057858,2.0022733,
41,2,12,41-12,Leaf,,,,,0.05364354,1.1402433,
41,2,13,41-13,Leaf,,,,,-0.04580257,1.4698192,
41,2,14,41-14,Leaf,,,,,0.089261144,3.7293305,
42,0,0,42-0,spo2,95.0,42-1,42-2,42-2,10.96177,100.56693,
42,0,1,42-1,Leaf,,,,,-0.07780377,31.218721,
42,0,2,42-2,urine_severity,1.0,42-3,42-4,42-4,8.747286,69.348206,
42,0,3,42-3,ecg_hr,100.5,42-5,42-6,42-6,5.9485664,55.290733,
42,0,4,42-4,Leaf,,,,,-0.074288346,14.057476,
42,0,5,42-5,temperature,38.51,42-7,42-8,42-8,1.934638,48.7285,
42,0,6,42-6,Leaf,,,,,-0.071577884,6.5622334,
42,0,7,42-7,Leaf,,,,,0.07903166,46.785336,
42,0,8,42-8,Leaf,,,,,-0.05353375,1.9431645,
43,1,0,43-0,urine_severity,1.0,43-1,43-2,43-2,5.6764083,110.38559,
43,1,1,43-1,spo2,95.1,43-3,43-4,43-4,7.1750507,83.77533,
43,1,2,43-2,spo2,93.0,43-5,43-6,43-6,0.84102964,26.610262,
43,1,3,43-3,spo2,90.3,43-7,43-8,43-8,1.790851,34.712933,
43,1,4,43-4,ecg_hr,100.5,43-9,43-10,43-10,2.66426,49.062393,
43,1,5,43-5,ecg_hr,98.6,43-11,43-12,43-12,0.5403644,5.2353263,
43,1,6,43-6,ecg_hr,115.6,43-13,43-14,43-14,0.25559807,21.374935,
43,1,7,43-7,spo2,90.1,43-15,43-16,43-16,0.15166128,4.454245,
43,1,8,43-8,ecg_hr,100.5,43-17,43-18,43-18,1.575187,30.25869,
43,1,9,43-9,temperature,38.51,43-19,43-20,43-20,2.1923332,41.35449,
43,1,10,43-10,ecg_hr,120.4,43-21,43-22,43-22,1.1338959,7.7079015,
43,1,11,43-11,spo2,90.1,43-23,43-24,43-24,0.29562557,3.8895864,
43,1,12,43-12,Leaf,,,,,-0.055188246,1.3457398,
43,1,13,43-13,Leaf,,,,,0.07644783,20.052795,
43,1,14,43-14,Leaf,,,,,0.004684963,1.3221397,
43,1,15,43-15,Leaf,,,,,-0.06372508,2.9455326,
43,1,16,43-16,Leaf,,,,,-0.0045284033,1.5087123,
43,1,17,43-17,Leaf,,,,,0.065942645,22.27515,
43,1,18,43-18,Leaf,,,,,-0.01012877,7.983539,
43,1,19,43-19,Leaf,,,,,-0.078252226,39.13992,
43,1,20,43-20,Leaf,,,,,0.05656684,2.214571,
43,1,21,43-21,Leaf,,,,,0.055120584,5.772504,
43,1,22,43-22,Leaf,,,,,-0.057571914,1.9353974,
43,1,23,43-23,Leaf,,,,,-0.015571839,1.4391074,
43,1,24,43-24,Leaf,,,,,0.05700087,2.450479,
44,2,0,44-0,ecg_hr,100.5,44-1,44-2,44-2,3.7392933,35.854862,
44,2,1,44-1,spo2,90.1,44-3,44-4,44-4,4.1859035,20.362074,
44,2,2,44-2,spo2,96.4,44-5,44-6,44-6,0.5191984,15.492788,
44,2,3,44-3,ecg_hr,81.3,44-7,44-8,44-8,0.09919536,5.8450565,
44,2,4,44-4,Leaf,,,,,-0.070987105,14.517016,
44,2,5,44-5,spo2,93.0,44-9,44-10,44-10,0.045983076,12.488145,
44,2,6,44-6,ecg_hr,120.4,44-11,44-12,44-12,0.32089847,3.0046432,
44,2,7,44-7,Leaf,,,,,0.07906995,4.720874,
44,2,8,44-8,Leaf,,,,,0.013995423,1.1241825,
44,2,9,44-9,Leaf,,,,,0.091386735,7.5558968,
44,2,10,44-10,ecg_hr,118.5,44-13,44-14,44-14,1.0880128,4.9322476,
44,2,11,44-11,Leaf,,,,,-0.026353303,1.9245037,
44,2,12,44-12,Leaf,,,,,0.050939355,1.0801395,
44,2,13,44-13,Leaf,,,,,-0.044680633,1.3868228,
44,2,14,44-14,Leaf,,,,,0.08518525,3.545425,
45,0,0,45-0,spo2,95.0,45-1,45-2,45-2,9.424016,88.91319,
45,0,1,45-1,Leaf,,,,,-0.07694439,27.716532,
45,0,2,45-2,urine_severity,1.0,45-3,45-4,45-4,7.4071894,61.19666,
45,0,3,45-3,ecg_hr,100.5,45-5,45-6,45-6,5.230173,48.87298,
45,0,4,45-4,Leaf,,,,,-0.073040806,12.323684,
45,0,5,45-5,temperature,38.51,45-7,45-8,45-8,1.7083244,42.911644,
45,0,6,45-6,Leaf,,,,,-0.07012396,5.961331,
45,0,7,45-7,Leaf,,,,,0.07783876,41.141224,
45,0,8,45-8,Leaf,,,,,-0.051415864,1.7704221,
46,1,0,46-0,urine_severity,1.0,46-1,46-2,46-2,4.778392,98.56653,
46,1,1,46-1,spo2,95.1,46-3,46-4,46-4,5.9710407,74.911125,
46,1,2,46-2,spo2,93.0,46-5,46-6,46-6,0.7392447,23.655403,
46,1,3,46-3,spo2,90.3,46-7,46-8,46-8,1.5260245,31.623013,
46,1,4,46-4,ecg_hr,100.5,46-9,46-10,46-10,2.2935605,43.288113,
46,1,5,46-5,ecg_hr,98.6,46-11,46-12,46-12,0.46014333,4.8060308,
46,1,6,46-6,ecg_hr,115.6,46-13,46-14,46-14,0.24502373,18.849373,
46,1,7,46-7,spo2,90.1,46-15,46-16,46-16,0.13231122,4.1267595,
46,1,8,46-8,ecg_hr,100.5,46-17,46-18,46-18,1.3581989,27.496252,
46,1,9,46-9,temperature,38.51,46-19,46-20,46-20,1.9345598,36.15457,
46,1,10,46-10,ecg_hr,120.0,46-21,46-22,46-22,0.99681,7.133541,
46,1,11,46-11,ecg_hr,72.2,46-23,46-24,46-24,0.25945377,3.5653183,
46,1,12,46-12,Leaf,,,,,-0.05199188,1.2407124,
46,1,13,46-13,Leaf,,,,,0.07525273,17.578754,
46,1,14,46-14,Leaf,,,,,0.0039162813,1.2706187,
46,1,15,46-15,Leaf,,,,,-0.061368134,2.6847792,
46,1,16,46-16,Leaf,,,,,-0.0044149333,1.4419804,
46,1,17,46-17,Leaf,,,,,0.06372532,19.86436,
46,1,18,46-18,Leaf,,,,,-0.009142727,7.631892,
46,1,19,46-19,Leaf,,,,,-0.077232145,34.13852,
46,1,20,46-20,Leaf,,,,,0.054380283,2.016055,
46,1,21,46-21,Leaf,,,,,0.06424714,4.0529733,
46,1,22,46-22,Leaf,,,,,-0.03635258,3.0805678,
46,1,23,46-23,Leaf,,,,,-0.0114416685,1.5948269,
46,1,24,46-24,Leaf,,,,,0.057744402,1.9704915,
47,2,0,47-0,ecg_hr,100.5,47-1,47-2,47-2,3.19929,32.809326,
47,2,1,47-1,spo2,90.1,47-3,47-4,47-4,3.6176107,18.168306,
47,2,2,47-2,spo2,96.4,47-5,47-6,47-6,0.45097923,14.641019,
47,2,3,47-3,temperature,35.72,47-7,47-8,47-8,0.11448562,5.446076,
47,2,4,47-4,Leaf,,,,,-0.07025465,12.72223,
47,2,5,47-5,spo2,93.0,47-9,47-10,47-10,0.03488803,11.764197,
47,2,6,47-6,ecg_hr,120.4,47-11,47-12,47-12,0.27219114,2.8768215,
47,2,7,47-7,Leaf,,,,,0.01048567,1.0787259,
47,2,8,47-8,Leaf,,,,,0.075917356,4.36735,
47,2,9,47-9,Leaf,,,,,0.08789593,7.094681,
47,2,10,47-10,ecg_hr,118.5,47-13,47-14,47-14,0.9798609,4.6695166,
47,2,11,47-11,Leaf,,,,,-0.024055751,1.8620377,
47,2,12,47-12,Leaf,,,,,0.04815955,1.0147839,
47,2,13,47-13,Leaf,,,,,-0.043615818,1.3127606,
47,2,14,47-14,Leaf,,,,,0.081832,3.3567557,
48,0,0,48-0,spo2,95.0,48-1,48-2,48-2,8.123299,78.64683,
48,0,1,48-1,Leaf,,,,,-0.07614129,24.648565,
48,0,2,48-2,urine_severity,1.0,48-3,48-4,48-4,6.2820654,53.99826,
48,0,3,48-3,ecg_hr,100.5,48-5,48-6,48-6,4.5988894,43.19267,
48,0,4,48-4,Leaf,,,,,-0.07180756,10.8055935,
48,0,5,48-5,temperature,38.51,48-7,48-8,48-8,1.5140295,37.78639,
48,0,6,48-6,Leaf,,,,,-0.068702176,5.406277,
48,0,7,48-7,Leaf,,,,,0.07673077,36.16996,
48,0,8,48-8,Leaf,,,,,-0.049372055,1.6164312,
49,1,0,49-0,urine_severity,1.0,49-1,49-2,49-2,4.0116405,88.08667,
49,1,1,49-1,spo2,95.1,49-3,49-4,49-4,4.9704556,67.00858,
49,1,2,49-2,spo2,93.0,49-5,49-6,49-6,0.6574209,21.078087,
49,1,3,49-3,spo2,90.3,49-7,49-8,49-8,1.295794,28.852446,
49,1,4,49-4,ecg_hr,100.5,49-9,49-10,49-10,1.9909921,38.156136,
49,1,5,49-5,ecg_hr,98.6,49-11,49-12,49-12,0.38971278,4.4509883,
49,1,6,49-6,ecg_hr,115.6,49-13,49-14,49-14,0.23406506,16.627098,
49,1,7,49-7,spo2,90.1,49-15,49-16,49-16,0.11484423,3.8147974,
49,1,8,49-8,ecg_hr,118.5,49-17,49-18,49-18,1.2082806,25.037647,
49,1,9,49-9,temperature,38.51,49-19,49-20,49-20,1.7128563,31.590742,
49,1,10,49-10,ecg_hr,120.0,49-21,49-22,49-22,0.8574797,6.565394,
49,1,11,49-11,ecg_hr,72.2,49-23,49-24,49-24,0.23304397,3.3086739,
49,1,12,49-12,Leaf,,,,,-0.048996724,1.1423144,
49,1,13,49-13,Leaf,,,,,0.074106105,15.405888,
49,1,14,49-14,Leaf,,,,,0.0032504846,1.2212105,
49,1,15,49-15,Leaf,,,,,-0.05899397,2.4382758,
49,1,16,49-16,Leaf,,,,,-0.0042910664,1.3765216,
49,1,17,49-17,Leaf,,,,,0.050995875,23.335161,
49,1,18,49-18,Leaf,,,,,-0.057924688,1.7024865,
49,1,19,49-19,Leaf,,,,,-0.07628995,29.752182,
49,1,20,49-20,Leaf,,,,,0.052271374,1.8385587,
49,1,21,49-21,Leaf,,,,,0.06230652,3.625444,
49,1,22,49-22,Leaf,,,,,-0.033828888,2.93995,
49,1,23,49-23,Leaf,,,,,-0.011398916,1.5184933,
49,1,24,49-24,Leaf,,,,,0.055602804,1.7901806,
50,2,0,50-0,ecg_hr,100.5,50-1,50-2,50-2,2.7208025,30.041866,
50,2,1,50-1,spo2,90.1,50-3,50-4,50-4,3.147802,16.220695,
50,2,2,50-2,spo2,96.4,50-5,50-6,50-6,0.40933037,13.82117,
50,2,3,50-3,spo2,90.0,50-7,50-8,50-8,0.114590526,5.056247,
50,2,4,50-4,Leaf,,,,,-0.06946847,11.164449,
50,2,5,50-5,spo2,93.0,50-9,50-10,50-10,0.028328896,11.063389,
50,2,6,50-6,temperature,37.09,50-11,50-12,50-12,0.22334869,2.7577815,
50,2,7,50-7,Leaf,,,,,0.07308354,4.029752,
50,2,8,50-8,Leaf,,,,,0.008417352,1.0264953,
50,2,9,50-9,Leaf,,,,,0.08480929,6.6453805,
50,2,10,50-10,ecg_hr,118.5,50-13,50-14,50-14,0.88205236,4.4180083,
50,2,11,50-11,Leaf,,,,,-0.022779636,1.7494156,
50,2,12,50-12,Leaf,,,,,0.043237254,1.0083658,
50,2,13,50-13,Leaf,,,,,-0.04255105,1.2428191,
50,2,14,50-14,Leaf,,,,,0.07856159,3.1751893,
51,0,0,51-0,spo2,95.0,51-1,51-2,51-2,7.0155263,69.635185,
51,0,1,51-1,Leaf,,,,,-0.075321786,21.974823,
51,0,2,51-2,urine_severity,1.0,51-3,51-4,51-4,5.336085,47.660362,
51,0,3,51-3,ecg_hr,100.5,51-5,51-6,51-6,4.0221777,38.18147,
51,0,4,51-4,Leaf,,,,,-0.07056956,9.478893,
51,0,5,51-5,temperature,38.51,51-7,51-8,51-8,1.3451662,33.294353,
51,0,6,51-6,Leaf,,,,,-0.0670913,4.8871155,
51,0,7,51-7,Leaf,,,,,0.07561638,31.815163,
51,0,8,51-8,Leaf,,,,,-0.04740073,1.479191,
52,1,0,52-0,urine_severity,1.0,52-1,52-2,52-2,3.3832629,78.90332,
52,1,1,52-1,spo2,95.1,52-3,52-4,52-4,4.1077814,60.10704,
52,1,2,52-2,spo2,93.0,52-5,52-6,52-6,0.5781288,18.796282,
52,1,3,52-3,spo2,90.3,52-7,52-8,52-8,1.099381,26.432413,
52,1,4,52-4,ecg_hr,100.5,52-9,52-10,52-10,1.7374616,33.67463,
52,1,5,52-5,ecg_hr,98.6,52-11,52-12,52-12,0.33325273,4.116724,
52,1,6,52-6,ecg_hr,115.6,52-13,52-14,52-14,0.22286582,14.679558,
52,1,7,52-7,spo2,90.1,52-15,52-16,52-16,0.10019484,3.537294,
52,1,8,52-8,ecg_hr,100.5,52-17,52-18,52-18,1.0790862,22.895119,
52,1,9,52-9,temperature,38.51,52-19,52-20,52-20,1.5213284,27.596287,
52,1,10,52-10,ecg_hr,120.4,52-21,52-22,52-22,0.7680427,6.078342,
52,1,11,52-11,ecg_hr,72.2,52-23,52-24,52-24,0.20563835,3.0659494,
52,1,12,52-12,Leaf,,,,,-0.046182472,1.0507748,
52,1,13,52-13,Leaf,,,,,0.07298748,13.505755,
52,1,14,52-14,Leaf,,,,,0.002669949,1.1738029,
52,1,15,52-15,Leaf,,,,,-0.056821823,2.2246773,
52,1,16,52-16,Leaf,,,,,-0.004161344,1.3126165,
52,1,17,52-17,Leaf,,,,,0.059445873,16.039886,
52,1,18,52-18,Leaf,,,,,-0.009762449,6.855233,
52,1,19,52-19,Leaf,,,,,-0.07540172,25.916286,
52,1,20,52-20,Leaf,,,,,0.05023555,1.6800013,
52,1,21,52-21,Leaf,,,,,0.048802335,4.5133543,
52,1,22,52-22,Leaf,,,,,-0.051492725,1.5649874,
52,1,23,52-23,Leaf,,,,,-0.010968764,1.4359797,
52,1,24,52-24,Leaf,,,,,0.05351148,1.6299697,
53,2,0,53-0,ecg_hr,100.5,53-1,53-2,53-2,2.343402,27.587032,
53,2,1,53-1,spo2,90.1,53-3,53-4,53-4,2.7440429,14.522882,
53,2,2,53-2,spo2,96.4,53-5,53-6,53-6,0.38786912,13.06415,
53,2,3,53-3,ecg_hr,80.8,53-7,53-8,53-8,0.055463374,4.689174,
53,2,4,53-4,Leaf,,,,,-0.068638,9.833708,
53,2,5,53-5,spo2,93.0,53-9,53-10,53-10,0.01892662,10.380452,
53,2,6,53-6,temperature,37.06,53-11,53-12,53-12,0.18354374,2.6836977,
53,2,7,53-7,Leaf,,,,,0.0695763,3.4761431,
53,2,8,53-8,Leaf,,,,,0.015208797,1.2130312,
53,2,9,53-9,Leaf,,,,,0.08245516,6.2501583,
53,2,10,53-10,ecg_hr,118.5,53-13,53-14,53-14,0.77413166,4.130294,
53,2,11,53-11,Leaf,,,,,-0.021726951,1.6498648,
53,2,12,53-12,Leaf,,,,,0.038356546,1.0338329,
53,2,13,53-13,Leaf,,,,,-0.040948883,1.1465222,
53,2,14,53-14,Leaf,,,,,0.075290605,2.9837718,
54,0,0,54-0,spo2,95.0,54-1,54-2,54-2,6.0593424,61.738064,
54,0,1,54-1,Leaf,,,,,-0.07458309,19.5907,
54,0,2,54-2,urine_severity,1.0,54-3,54-4,54-4,4.525788,42.147366,
54,0,3,54-3,ecg_hr,100.5,54-5,54-6,54-6,3.5647175,33.826134,
54,0,4,54-4,Leaf,,,,,-0.06931063,8.321232,
54,0,5,54-5,temperature,38.51,54-7,54-8,54-8,1.1996264,29.356688,
54,0,6,54-6,Leaf,,,,,-0.06571766,4.469445,
54,0,7,54-7,Leaf,,,,,0.07458038,27.999836,
54,0,8,54-8,Leaf,,,,,-0.045501493,1.3568507,
55,1,0,55-0,urine_severity,1.0,55-1,55-2,55-2,2.8537455,70.814514,
55,1,1,55-1,spo2,95.0,55-3,55-4,55-4,3.4173164,54.02598,
55,1,2,55-2,spo2,93.0,55-5,55-6,55-6,0.5068848,16.788536,
55,1,3,55-3,ecg_hr,100.5,55-7,55-8,55-8,1.5998096,21.587637,
55,1,4,55-4,ecg_hr,100.5,55-9,55-10,55-10,2.0457394,32.438343,
55,1,5,55-5,ecg_hr,98.0,55-11,55-12,55-12,0.24662513,3.8132322,
55,1,6,55-6,ecg_hr,115.6,55-13,55-14,55-14,0.21076798,12.975305,
55,1,7,55-7,spo2,90.1,55-15,55-16,55-16,1.5091815,15.013614,
55,1,8,55-8,spo2,93.4,55-17,55-18,55-18,1.2216777,6.5740237,
55,1,9,55-9,temperature,38.51,55-19,55-20,55-20,1.3377314,25.909504,
55,1,10,55-10,ecg_hr,120.0,55-21,55-22,55-22,0.810328,6.52884,
55,1,11,55-11,ecg_hr,72.2,55-23,55-24,55-24,0.17563376,2.770903,
55,1,12,55-12,Leaf,,,,,-0.038968764,1.0423291,
55,1,13,55-13,Leaf,,,,,0.0718758,11.8447895,
55,1,14,55-14,Leaf,,,,,0.002255281,1.1305147,
55,1,15,55-15,Leaf,,,,,-0.052647375,1.8021495,
55,1,16,55-16,Leaf,,,,,0.07282047,13.211465,
55,1,17,55-17,Leaf,,,,,-0.072738424,4.138446,
55,1,18,55-18,Leaf,,,,,0.044379424,2.435578,
55,1,19,55-19,Leaf,,,,,-0.07332893,24.371077,
55,1,20,55-20,Leaf,,,,,0.04827064,1.5384257,
55,1,21,55-21,Leaf,,,,,0.064229,3.7983298,
55,1,22,55-22,Leaf,,,,,-0.030469896,2.7305102,
55,1,23,55-23,Leaf,,,,,-0.01058262,1.3584266,
55,1,24,55-24,Leaf,,,,,0.050698366,1.4124767,
56,2,0,56-0,ecg_hr,100.5,56-1,56-2,56-2,2.0026228,25.36567,
56,2,1,56-1,spo2,90.1,56-3,56-4,56-4,2.3942327,13.00668,
56,2,2,56-2,spo2,96.4,56-5,56-6,56-6,0.3491825,12.358989,
56,2,3,56-3,ecg_hr,80.8,56-7,56-8,56-8,0.053626955,4.355992,
56,2,4,56-4,Leaf,,,,,-0.067724854,8.650687,
56,2,5,56-5,spo2,93.0,56-9,56-10,56-10,0.013716221,9.740622,
56,2,6,56-6,temperature,37.06,56-11,56-12,56-12,0.1718792,2.6183672,
56,2,7,56-7,Leaf,,,,,0.06697361,3.192039,
56,2,8,56-8,Leaf,,,,,0.013771485,1.1639531,
56,2,9,56-9,Leaf,,,,,0.07990272,5.836165,
56,2,10,56-10,ecg_hr,118.5,56-13,56-14,56-14,0.7057746,3.9044569,
56,2,11,56-11,Leaf,,,,,-0.021191344,1.6038848,
56,2,12,56-12,Leaf,,,,,0.037341595,1.0144825,
56,2,13,56-13,Leaf,,,,,-0.039988037,1.0914665,
56,2,14,56-14,Leaf,,,,,0.072789714,2.8129902,
57,0,0,57-0,spo2,95.0,57-1,57-2,57-2,5.1551127,54.65993,
57,0,1,57-1,Leaf,,,,,-0.073732466,17.279934,
57,0,2,57-2,urine_severity,1.0,57-3,57-4,57-4,3.813466,37.379997,
57,0,3,57-3,ecg_hr,100.5,57-5,57-6,57-6,3.0779357,30.067516,
57,0,4,57-4,Leaf,,,,,-0.068018295,7.31248,
57,0,5,57-5,temperature,38.51,57-7,57-8,57-8,1.0577688,26.031963,
57,0,6,57-6,Leaf,,,,,-0.06404732,4.0355515,
57,0,7,57-7,Leaf,,,,,0.07259966,24.784243,
57,0,8,57-8,Leaf,,,,,-0.04367453,1.2477218,
58,1,0,58-0,urine_severity,1.0,58-1,58-2,58-2,2.4044752,63.298138,
58,1,1,58-1,spo2,95.1,58-3,58-4,58-4,2.8618753,48.26719,
58,1,2,58-2,spo2,93.0,58-5,58-6,58-6,0.443668,15.030948,
58,1,3,58-3,spo2,90.3,58-7,58-8,58-8,0.8268761,21.88858,
58,1,4,58-4,ecg_hr,100.5,58-9,58-10,58-10,1.3154061,26.378607,
58,1,5,58-5,temperature,37.07,58-11,58-12,58-12,0.09942424,3.5465813,
58,1,6,58-6,ecg_hr,115.6,58-13,58-14,58-14,0.19854236,11.484367,
58,1,7,58-7,spo2,90.1,58-15,58-16,58-16,0.07198092,2.995524,
58,1,8,58-8,ecg_hr,118.5,58-17,58-18,58-18,0.7899102,18.893057,
58,1,9,58-9,temperature,38.51,58-19,58-20,58-20,1.2106919,21.092966,
58,1,10,58-10,ecg_hr,120.4,58-21,58-22,58-22,0.61023813,5.285642,
58,1,11,58-11,spo2,91.0,58-23,58-24,58-24,0.028217446,2.3297012,
58,1,12,58-12,Leaf,,,,,-0.021648962,1.21688,
58,1,13,58-13,Leaf,,,,,0.07075477,10.395281,
58,1,14,58-14,Leaf,,,,,0.0019113154,1.0890858,
58,1,15,58-15,Leaf,,,,,-0.05275363,1.8654851,
58,1,16,58-16,Leaf,,,,,-0.004045967,1.1300389,
58,1,17,58-17,Leaf,,,,,0.044939306,17.537695,
58,1,18,58-18,Leaf,,,,,-0.050412524,1.3553616,
58,1,19,58-19,Leaf,,,,,-0.07371467,19.680967,
58,1,20,58-20,Leaf,,,,,0.046375684,1.4119983,
58,1,21,58-21,Leaf,,,,,0.04493813,3.8998468,
58,1,22,58-22,Leaf,,,,,-0.048371445,1.3857951,
58,1,23,58-23,Leaf,,,,,0.0011744709,1.2925035,
58,1,24,58-24,Leaf,,,,,0.030472506,1.0371978,
59,2,0,59-0,ecg_hr,100.5,59-1,59-2,59-2,1.6662257,23.163485,
59,2,1,59-1,spo2,90.1,59-3,59-4,59-4,2.0872626,11.633876,
59,2,2,59-2,spo2,96.4,59-5,59-6,59-6,0.3232937,11.529608,
59,2,3,59-3,temperature,36.02,59-7,59-8,59-8,0.058136225,4.0497556,
59,2,4,59-4,Leaf,,,,,-0.06669241,7.58412,
59,2,5,59-5,Leaf,,,,,0.06652993,8.97672,
59,2,6,59-6,spo2,98.6,59-9,59-10,59-10,0.0702809,2.5528889,
59,2,7,59-7,Leaf,,,,,0.01150681,1.0933022,
59,2,8,59-8,Leaf,,,,,0.06472829,2.9564533,
59,2,9,59-9,Leaf,,,,,-0.014944387,1.2891455,
59,2,10,59-10,Leaf,,,,,0.022534505,1.2637434,
60,0,0,60-0,spo2,95.0,60-1,60-2,60-2,4.466473,48.654263,
60,0,1,60-1,Leaf,,,,,-0.07296878,15.486013,
60,0,2,60-2,urine_severity,1.0,60-3,60-4,60-4,3.2369766,33.16825,
60,0,3,60-3,ecg_hr,100.5,60-5,60-6,60-6,2.7058544,26.734158,
60,0,4,60-4,Leaf,,,,,-0.066682115,6.4340916,
60,0,5,60-5,temperature,38.51,60-7,60-8,60-8,0.94511366,23.056484,
60,0,6,60-6,Leaf,,,,,-0.062489983,3.6776743,
60,0,7,60-7,Leaf,,,,,0.07135093,21.906204,
60,0,8,60-8,Leaf,,,,,-0.041920196,1.1502798,
61,1,0,61-0,urine_severity,1.0,61-1,61-2,61-2,2.0272942,57.266933,
61,1,1,61-1,spo2,95.1,61-3,61-4,61-4,2.3682454,43.69939,
61,1,2,61-2,spo2,93.0,61-5,61-6,61-6,0.39795303,13.567544,
61,1,3,61-3,ecg_hr,100.5,61-7,61-8,61-8,0.7103002,20.247799,
61,1,4,61-4,ecg_hr,100.5,61-9,61-10,61-10,1.150949,23.451593,
61,1,5,61-5,temperature,37.07,61-11,61-12,61-12,0.08684032,3.358809,
61,1,6,61-6,ecg_hr,115.6,61-13,61-14,61-14,0.18459654,10.2087345,
61,1,7,61-7,spo2,90.1,61-15,61-16,61-16,0.93515515,13.811592,
61,1,8,61-8,spo2,93.4,61-17,61-18,61-18,1.2829027,6.436207,
61,1,9,61-9,temperature,38.51,61-19,61-20,61-20,1.0842781,18.460924,
61,1,10,61-10,ecg_hr,120.4,61-21,61-22,61-22,0.5296228,4.9906683,
61,1,11,61-11,spo2,90.9,61-23,61-24,61-24,0.004532531,2.2068276,
61,1,12,61-12,Leaf,,,,,-0.020549156,1.1519811,
61,1,13,61-13,Leaf,,,,,0.06963109,9.150288,
61,1,14,61-14,Leaf,,,,,0.0019263837,1.0584477,
61,1,15,61-15,Leaf,,,,,-0.048664425,1.521874,
61,1,16,61-16,Leaf,,,,,0.054573152,12.289718,
61,1,17,61-17,Leaf,,,,,-0.06866858,3.5964518,
61,1,18,61-18,Leaf,,,,,0.049309935,2.8397548,
61,1,19,61-19,Leaf,,,,,-0.0728802,17.161873,
61,1,20,61-20,Leaf,,,,,0.044550765,1.2990522,
61,1,21,61-21,Leaf,,,,,0.042203683,3.702327,
61,1,22,61-22,Leaf,,,,,-0.04652586,1.288341,
61,1,23,61-23,Leaf,,,,,0.004619122,1.0595571,
61,1,24,61-24,Leaf,,,,,0.023198308,1.1472707,
62,2,0,62-0,spo2,93.0,62-1,62-2,62-2,1.4600489,21.554592,
62,2,1,62-1,ecg_hr,99.7,62-3,62-4,62-4,0.18463457,10.020663,
62,2,2,62-2,ecg_hr,120.0,62-5,62-6,62-6,2.1718931,11.53393,
62,2,3,62-3,spo2,90.0,62-7,62-8,62-8,0.63754463,4.9734664,
62,2,4,62-4,Leaf,,,,,0.07522227,5.047197,
62,2,5,62-5,Leaf,,,,,-0.066377714,7.2154794,
62,2,6,62-6,ecg_hr,120.4,62-9,62-10,62-10,0.083937705,4.3184505,
62,2,7,62-7,Leaf,,,,,0.06380261,2.9309964,
62,2,8,62-8,Leaf,,,,,-0.02960815,2.04247,
62,2,9,62-9,Leaf,,,,,0.013322816,1.3885703,
62,2,10,62-10,Leaf,,,,,0.06915872,2.92988,
63,0,0,63-0,spo2,95.0,63-1,63-2,63-2,3.8593302,43.27858,
63,0,1,63-1,Leaf,,,,,-0.07215963,13.801581,
63,0,2,63-2,urine_severity,1.0,63-3,63-4,63-4,2.7544441,29.476997,
63,0,3,63-3,ecg_hr,100.5,63-5,63-6,63-6,2.3751082,23.806314,
63,0,4,63-4,Leaf,,,,,-0.065297216,5.670684,
63,0,5,63-5,temperature,38.51,63-7,63-8,63-8,0.84709954,20.460318,
63,0,6,63-6,Leaf,,,,,-0.0608704,3.3459957,
63,0,7,63-7,Leaf,,,,,0.07014014,19.397154,
63,0,8,63-8,Leaf,,,,,-0.040238835,1.0631642,
64,1,0,64-0,urine_severity,1.0,64-1,64-2,64-2,1.7057347,51.512985,
64,1,1,64-1,spo2,95.1,64-3,64-4,64-4,1.9774258,39.286915,
64,1,2,64-2,spo2,93.0,64-5,64-6,64-6,0.3508247,12.22607,
64,1,3,64-3,spo2,90.3,64-7,64-8,64-8,0.6139282,18.444775,
64,1,4,64-4,ecg_hr,100.5,64-9,64-10,64-10,0.9984853,20.84214,
64,1,5,64-5,temperature,37.07,64-11,64-12,64-12,0.07553766,3.1772501,
64,1,6,64-6,ecg_hr,115.6,64-13,64-14,64-14,0.17467046,9.0488205,
64,1,7,64-7,spo2,90.0,64-15,64-16,64-16,0.00012466311,2.5552366,
64,1,8,64-8,ecg_hr,100.5,64-17,64-18,64-18,0.6004954,15.889539,
64,1,9,64-9,temperature,38.51,64-19,64-20,64-20,0.97324204,16.17439,
64,1,10,64-10,ecg_hr,120.0,64-21,64-22,64-22,0.46674109,4.667749,
64,1,11,64-11,spo2,90.9,64-23,64-24,64-24,0.002387751,2.087999,
64,1,12,64-12,Leaf,,,,,-0.01928388,1.089251,
64,1,13,64-13,Leaf,,,,,0.06843828,8.036103,
64,1,14,64-14,Leaf,,,,,0.0013653776,1.0127178,
64,1,15,64-15,Leaf,,,,,-0.04466626,1.2766324,
64,1,16,64-16,Leaf,,,,,-0.013686159,1.278604,
64,1,17,64-17,Leaf,,,,,0.05115676,10.700049,
64,1,18,64-18,Leaf,,,,,-0.008679626,5.18949,
64,1,19,64-19,Leaf,,,,,-0.0720326,14.97643,
64,1,20,64-20,Leaf,,,,,0.04279424,1.1979609,
64,1,21,64-21,Leaf,,,,,0.053463582,2.213589,
64,1,22,64-22,Leaf,,,,,-0.026597418,2.4541597,
64,1,23,64-23,Leaf,,,,,0.0048684804,1.0215883,
64,1,24,64-24,Leaf,,,,,0.021766603,1.0664108,
65,2,0,65-0,ecg_hr,100.5,65-1,65-2,65-2,1.236249,19.745113,
65,2,1,65-1,spo2,90.1,65-3,65-4,65-4,1.5957987,9.486841,
65,2,2,65-2,spo2,96.4,65-5,65-6,65-6,0.2637546,10.258272,
65,2,3,65-3,temperature,36.02,65-7,65-8,65-8,0.061620355,3.517395,
65,2,4,65-4,Leaf,,,,,-0.06457929,5.969446,
65,2,5,65-5,Leaf,,,,,0.06261919,7.898469,
65,2,6,65-6,spo2,98.6,65-9,65-10,65-10,0.049186397,2.3598027,
65,2,7,65-7,Leaf,,,,,0.008202805,1.0095334,
65,2,8,65-8,Leaf,,,,,0.060367484,2.5078616,
65,2,9,65-9,Leaf,,,,,-0.012266527,1.2449282,
65,2,10,65-10,Leaf,,,,,0.019814746,1.1148745,
66,0,0,66-0,spo2,95.0,66-1,66-2,66-2,3.3511872,38.684223,
66,0,1,66-1,Leaf,,,,,-0.07142486,12.399552,
66,0,2,66-2,urine_severity,1.0,66-3,66-4,66-4,2.338487,26.284672,
66,0,3,66-3,ecg_hr,100.5,66-5,66-6,66-6,2.1042602,21.278456,
66,0,4,66-4,Leaf,,,,,-0.06385557,5.006217,
66,0,5,66-5,temperature,38.44,66-7,66-8,66-8,0.68130136,18.20689,
66,0,6,66-6,Leaf,,,,,-0.05948651,3.0715654,
66,0,7,66-7,Leaf,,,,,0.06878788,17.07827,
66,0,8,66-8,Leaf,,,,,-0.03084472,1.1286204,
67,1,0,67-0,urine_severity,1.0,67-1,67-2,67-2,1.4312228,46.826576,
67,1,1,67-1,spo2,95.1,67-3,67-4,67-4,1.6413174,35.72586,
67,1,2,67-2,spo2,93.0,67-5,67-6,67-6,0.31481743,11.100715,
67,1,3,67-3,spo2,90.3,67-7,67-8,67-8,0.53300995,17.139166,
67,1,4,67-4,ecg_hr,100.5,67-9,67-10,67-10,0.8847016,18.586695,
67,1,5,67-5,temperature,37.07,67-11,67-12,67-12,0.06613781,3.0217068,
67,1,6,67-6,ecg_hr,113.5,67-13,67-14,67-14,0.14662015,8.079008,
67,1,7,67-7,Leaf,,,,,-0.036033407,2.3930473,
67,1,8,67-8,ecg_hr,118.5,67-15,67-16,67-16,0.5258327,14.746119,
67,1,9,67-9,temperature,38.51,67-17,67-18,67-18,0.8754747,14.188832,
67,1,10,67-10,ecg_hr,120.0,67-19,67-20,67-20,0.40928897,4.397863,
67,1,11,67-11,Leaf,,,,,0.016826313,1.9902109,
67,1,12,67-12,Leaf,,,,,-0.018346632,1.0314958,
67,1,13,67-13,Leaf,,,,,0.06716635,7.034948,
67,1,14,67-14,Leaf,,,,,0.0036655918,1.0440596,
67,1,15,67-15,Leaf,,,,,0.039094716,13.6558075,
67,1,16,67-16,Leaf,,,,,-0.044247225,1.0903114,
67,1,17,67-17,Leaf,,,,,-0.07115925,13.081289,
67,1,18,67-18,Leaf,,,,,0.041109607,1.1075428,
67,1,19,67-19,Leaf,,,,,0.051789798,2.0240285,
67,1,20,67-20,Leaf,,,,,-0.024833476,2.3738341,
68,2,0,68-0,spo2,93.0,68-1,68-2,68-2,1.0709716,18.447552,
68,2,1,68-1,ecg_hr,99.7,68-3,68-4,68-4,0.14465225,8.6539,
68,2,2,68-2,ecg_hr,120.0,68-5,68-6,68-6,1.7472878,9.793652,
68,2,3,68-3,spo2,90.0,68-7,68-8,68-8,0.51688874,4.318509,
68,2,4,68-4,Leaf,,,,,0.07087413,4.3353906,
68,2,5,68-5,Leaf,,,,,-0.064487815,5.8350444,
68,2,6,68-6,ecg_hr,120.4,68-9,68-10,68-10,0.07716799,3.9586074,
68,2,7,68-7,Leaf,,,,,0.059828524,2.4999506,
68,2,8,68-8,Leaf,,,,,-0.028314607,1.8185586,
68,2,9,68-9,Leaf,,,,,0.011870693,1.3712696,
68,2,10,68-10,Leaf,,,,,0.06520194,2.5873377,
69,0,0,69-0,spo2,95.0,69-1,69-2,69-2,2.9167254,34.680218,
69,0,1,69-1,Leaf,,,,,-0.07065463,11.1748905,
69,0,2,69-2,urine_severity,1.0,69-3,69-4,69-4,1.9894859,23.505325,
69,0,3,69-3,ecg_hr,100.5,69-5,69-6,69-6,1.842134,19.07396,
69,0,4,69-4,Leaf,,,,,-0.062365416,4.431366,
69,0,5,69-5,temperature,38.44,69-7,69-8,69-8,0.61318135,16.275482,
69,0,6,69-6,Leaf,,,,,-0.05787709,2.7984786,
69,0,7,69-7,Leaf,,,,,0.06729524,15.215438,
69,0,8,69-8,Leaf,,,,,-0.029593231,1.0600435,
70,1,0,70-0,urine_severity,1.0,70-1,70-2,70-2,1.2010952,42.607563,
70,1,1,70-1,spo2,95.1,70-3,70-4,70-4,1.3562043,32.545265,
70,1,2,70-2,spo2,93.0,70-5,70-6,70-6,0.27864367,10.062299,
70,1,3,70-3,spo2,90.1,70-7,70-8,70-8,0.46482265,15.957039,
70,1,4,70-4,ecg_hr,100.5,70-9,70-10,70-10,0.77756906,16.588224,
70,1,5,70-5,temperature,36.35,70-11,70-12,70-12,0.056312025,2.8678842,
70,1,6,70-6,ecg_hr,111.9,70-13,70-14,70-14,0.12638927,7.194414,
70,1,7,70-7,Leaf,,,,,-0.045746922,1.3617549,
70,1,8,70-8,ecg_hr,100.5,70-15,70-16,70-16,0.6504297,14.5952835,
70,1,9,70-9,temperature,38.51,70-17,70-18,70-18,0.794312,12.483994,
70,1,10,70-10,ecg_hr,120.4,70-19,70-20,70-20,0.36162663,4.104232,
70,1,11,70-11,Leaf,,,,,0.019412694,1.3239542,
70,1,12,70-12,Leaf,,,,,-0.012985432,1.54393,
70,1,13,70-13,Leaf,,,,,0.06579145,6.145188,
70,1,14,70-14,Leaf,,,,,0.0049051917,1.0492262,
70,1,15,70-15,Leaf,,,,,0.0483894,9.453036,
70,1,16,70-16,Leaf,,,,,-0.014507994,5.142247,
70,1,17,70-17,Leaf,,,,,-0.070256926,11.451051,
70,1,18,70-18,Leaf,,,,,0.039627902,1.032943,
70,1,19,70-19,Leaf,,,,,0.036886573,3.0677114,
70,1,20,70-20,Leaf,,,,,-0.04120969,1.0365205,
71,2,0,71-0,spo2,93.0,71-1,71-2,71-2,0.92602915,17.122694,
71,2,1,71-1,ecg_hr,99.7,71-3,71-4,71-4,0.13953328,8.153024,
71,2,2,71-2,ecg_hr,120.0,71-5,71-6,71-6,1.5318474,8.969669,
71,2,3,71-3,spo2,90.0,71-7,71-8,71-8,0.4687282,4.0693254,
71,2,4,71-4,Leaf,,,,,0.06940232,4.083698,
71,2,5,71-5,Leaf,,,,,-0.06330548,5.194287,
71,2,6,71-6,ecg_hr,120.4,71-9,71-10,71-10,0.08242482,3.775383,
71,2,7,71-7,Leaf,,,,,0.057923075,2.3095324,
71,2,8,71-8,Leaf,,,,,-0.027503492,1.7597932,
71,2,9,71-9,Leaf,,,,,0.010042601,1.3598092,
71,2,10,71-10,Leaf,,,,,0.06310898,2.4155738,
72,0,0,72-0,spo2,95.0,72-1,72-2,72-2,2.535099,31.180014,
72,0,1,72-1,Leaf,,,,,-0.069880836,10.066998,
72,0,2,72-2,urine_severity,1.0,72-3,72-4,72-4,1.6907744,21.113016,
72,0,3,72-3,ecg_hr,100.5,72-5,72-6,72-6,1.6352618,17.179531,
72,0,4,72-4,Leaf,,,,,-0.060827665,3.9334848,
72,0,5,72-5,temperature,38.4,72-7,72-8,72-8,0.53582144,14.594579,
72,0,6,72-6,Leaf,,,,,-0.05650363,2.5849524,
72,0,7,72-7,Leaf,,,,,0.06580659,13.560287,
72,0,8,72-8,Leaf,,,,,-0.026521228,1.0342911,
73,1,0,73-0,urine_severity,1.0,73-1,73-2,73-2,1.0112361,38.860977,
73,1,1,73-1,spo2,95.1,73-3,73-4,73-4,1.1301296,29.710464,
73,1,2,73-2,spo2,93.0,73-5,73-6,73-6,0.2440818,9.150512,
73,1,3,73-3,spo2,90.1,73-7,73-8,73-8,0.40742967,14.8299265,
73,1,4,73-4,ecg_hr,100.5,73-9,73-10,73-10,0.674461,14.880539,
73,1,5,73-5,temperature,36.35,73-11,73-12,73-12,0.04919771,2.725536,
73,1,6,73-6,ecg_hr,111.9,73-13,73-14,73-14,0.11928749,6.4249754,
73,1,7,73-7,Leaf,,,,,-0.044123378,1.2629659,
73,1,8,73-8,ecg_hr,100.5,73-15,73-16,73-16,0.5520907,13.56696,
73,1,9,73-9,temperature,38.44,73-17,73-18,73-18,0.65924084,11.005825,
73,1,10,73-10,temperature,37.11,73-19,73-20,73-20,0.33968154,3.8747132,
73,1,11,73-11,Leaf,,,,,0.01852172,1.2627741,
73,1,12,73-12,Leaf,,,,,-0.01222537,1.4627621,
73,1,13,73-13,Leaf,,,,,0.06443577,5.4236755,
73,1,14,73-14,Leaf,,,,,0.0042065987,1.0012994,
73,1,15,73-15,Leaf,,,,,0.046187863,8.690835,
73,1,16,73-16,Leaf,,,,,-0.013473324,4.876125,
73,1,17,73-17,Leaf,,,,,-0.06923778,9.926834,
73,1,18,73-18,Leaf,,,,,0.031947546,1.0789908,
73,1,19,73-19,Leaf,,,,,0.043486573,2.1628666,
73,1,20,73-20,Leaf,,,,,-0.029414544,1.7118465,
74,2,0,74-0,ecg_hr,100.5,74-1,74-2,74-2,0.8019005,15.892392,
74,2,1,74-1,spo2,90.1,74-3,74-4,74-4,1.0965465,7.1596026,
74,2,2,74-2,spo2,96.4,74-5,74-6,74-6,0.22245902,8.732789,
74,2,3,74-3,spo2,89.9,74-7,74-8,74-8,0.037048608,2.892153,
74,2,4,74-4,Leaf,,,,,-0.061019484,4.26745,
74,2,5,74-5,Leaf,,,,,0.05803796,6.6407957,
74,2,6,74-6,Leaf,,,,,0.001896295,2.0919933,
74,2,7,74-7,Leaf,,,,,0.053989034,1.8877333,
74,2,8,74-8,Leaf,,,,,0.008805271,1.0044197,
75,0,0,75-0,spo2,95.0,75-1,75-2,75-2,2.2032096,28.169586,
75,0,1,75-1,Leaf,,,,,-0.069085665,9.092536,
75,0,2,75-2,urine_severity,1.0,75-3,75-4,75-4,1.4329764,19.077051,
75,0,3,75-3,ecg_hr,100.5,75-5,75-6,75-6,1.4659523,15.577101,
75,0,4,75-4,Leaf,,,,,-0.059238836,3.4999504,
75,0,5,75-5,temperature,38.39,75-7,75-8,75-8,0.46805143,13.159412,
75,0,6,75-6,Leaf,,,,,-0.055317897,2.4176884,
75,0,7,75-7,Leaf,,,,,0.06421709,12.13429,
75,0,8,75-8,Leaf,,,,,-0.023443136,1.0251225,
76,1,0,76-0,urine_severity,1.0,76-1,76-2,76-2,0.8537375,35.751854,
76,1,1,76-1,spo2,95.1,76-3,76-4,76-4,0.9340913,27.367733,
76,1,2,76-2,spo2,93.0,76-5,76-6,76-6,0.21537733,8.384121,
76,1,3,76-3,spo2,93.0,76-7,76-8,76-8,0.36728555,13.870425,
76,1,4,76-4,ecg_hr,100.5,76-9,76-10,76-10,0.5989451,13.497308,
76,1,5,76-5,temperature,36.35,76-11,76-12,76-12,0.044606075,2.598075,
76,1,6,76-6,ecg_hr,111.5,76-13,76-14,76-14,0.09712088,5.7860456,
76,1,7,76-7,ecg_hr,99.7,76-15,76-16,76-16,0.6380399,6.1976147,
76,1,8,76-8,spo2,95.0,76-17,76-18,76-18,0.29211298,7.672811,
76,1,9,76-9,temperature,38.44,76-19,76-20,76-20,0.5974494,9.744573,
76,1,10,76-10,temperature,37.11,76-21,76-22,76-22,0.30337682,3.752735,
76,1,11,76-11,Leaf,,,,,0.017886886,1.2110028,
76,1,12,76-12,Leaf,,,,,-0.011798137,1.387072,
76,1,13,76-13,Leaf,,,,,0.06293666,4.760944,
76,1,14,76-14,Leaf,,,,,0.0060733133,1.0251018,
76,1,15,76-15,Leaf,,,,,0.026159132,3.7871218,
76,1,16,76-16,Leaf,,,,,-0.059031677,2.410493,
76,1,17,76-17,Leaf,,,,,0.05372151,5.1227574,
76,1,18,76-18,Leaf,,,,,-0.0049247337,2.5500536,
76,1,19,76-19,Leaf,,,,,-0.068229586,8.713264,
76,1,20,76-20,Leaf,,,,,0.030292423,1.0313082,
76,1,21,76-21,Leaf,,,,,0.041402802,2.0882685,
76,1,22,76-22,Leaf,,,,,-0.028190996,1.6644664,
77,2,0,77-0,spo2,93.0,77-1,77-2,77-2,0.7076038,14.972125,
77,2,1,77-1,ecg_hr,99.7,77-3,77-4,77-4,0.11439413,7.139132,
77,2,2,77-2,ecg_hr,120.0,77-5,77-6,77-6,1.2655795,7.8329926,
77,2,3,77-3,spo2,90.0,77-7,77-8,77-8,0.3772115,3.5563688,
77,2,4,77-4,Leaf,,,,,0.06619401,3.5827634,
77,2,5,77-5,Leaf,,,,,-0.061315414,4.3216677,
77,2,6,77-6,ecg_hr,120.4,77-9,77-10,77-10,0.0737654,3.511325,
77,2,7,77-7,Leaf,,,,,0.054247867,1.9734393,
77,2,8,77-8,Leaf,,,,,-0.025734942,1.5829294,
77,2,9,77-9,Leaf,,,,,0.009277517,1.3423225,
77,2,10,77-10,Leaf,,,,,0.06000089,2.1690025,
78,0,0,78-0,spo2,95.0,78-1,78-2,78-2,1.8903956,25.510857,
78,0,1,78-1,Leaf,,,,,-0.0681833,8.184327,
78,0,2,78-2,urine_severity,1.0,78-3,78-4,78-4,1.2030728,17.32653,
78,0,3,78-3,ecg_hr,100.5,78-5,78-6,78-6,1.2937996,14.203924,
78,0,4,78-4,Leaf,,,,,-0.0576063,3.122606,
78,0,5,78-5,temperature,38.29,78-7,78-8,78-8,0.3918593,11.947626,
78,0,6,78-6,Leaf,,,,,-0.05406684,2.2562973,
78,0,7,78-7,Leaf,,,,,0.061722215,10.902987,
78,0,8,78-8,Leaf,,,,,-0.019429237,1.0446402,
79,1,0,79-0,urine_severity,1.0,79-1,79-2,79-2,0.7174598,32.864952,
79,1,1,79-1,spo2,95.1,79-3,79-4,79-4,0.77873826,25.193396,
79,1,2,79-2,ecg_hr,100.5,79-5,79-6,79-6,0.19552934,7.671558,
79,1,3,79-3,spo2,90.1,79-7,79-8,79-8,0.34462693,12.939417,
79,1,4,79-4,ecg_hr,100.5,79-9,79-10,79-10,0.5259448,12.253979,
79,1,5,79-5,spo2,90.8,79-11,79-12,79-12,0.155177,5.533829,
79,1,6,79-6,temperature,36.81,79-13,79-14,79-14,0.048485175,2.1377282,
79,1,7,79-7,Leaf,,,,,-0.042277355,1.1569256,
79,1,8,79-8,ecg_hr,100.5,79-15,79-16,79-16,0.40366828,11.782491,
79,1,9,79-9,temperature,38.4,79-17,79-18,79-18,0.5288892,8.655435,
79,1,10,79-10,temperature,37.11,79-19,79-20,79-20,0.2779241,3.5985444,
79,1,11,79-11,Leaf,,,,,-0.0006797323,1.0206271,
79,1,12,79-12,Leaf,,,,,0.062335327,4.513202,
79,1,13,79-13,Leaf,,,,,-0.016584596,1.0170026,
79,1,14,79-14,Leaf,,,,,0.015900368,1.1207256,
79,1,15,79-15,Leaf,,,,,0.042614423,7.4648776,
79,1,16,79-16,Leaf,,,,,-0.011575374,4.3176136,
79,1,17,79-17,Leaf,,,,,-0.06713754,7.6367817,
79,1,18,79-18,Leaf,,,,,0.02725095,1.0186529,
79,1,19,79-19,Leaf,,,,,0.03994933,1.9882892,
79,1,20,79-20,Leaf,,,,,-0.027514186,1.6102551,
80,2,0,80-0,spo2,93.0,80-1,80-2,80-2,0.5895152,13.974345,
80,2,1,80-1,ecg_hr,99.7,80-3,80-4,80-4,0.0961892,6.6833425,
80,2,2,80-2,ecg_hr,120.0,80-5,80-6,80-6,1.1426945,7.291003,
80,2,3,80-3,spo2,90.0,80-7,80-8,80-8,0.34347275,3.4130628,
80,2,4,80-4,Leaf,,,,,0.06403593,3.2702794,
80,2,5,80-5,Leaf,,,,,-0.05999855,3.8792036,
80,2,6,80-6,ecg_hr,120.4,80-9,80-10,80-10,0.07448739,3.4117994,
80,2,7,80-7,Leaf,,,,,0.05295961,1.8674855,
80,2,8,80-8,Leaf,,,,,-0.024379527,1.5455773,
80,2,9,80-9,Leaf,,,,,0.008462062,1.3307346,
80,2,10,80-10,Leaf,,,,,0.05884756,2.081065,
81,0,0,81-0,spo2,95.0,81-1,81-2,81-2,1.6389233,23.196634,
81,0,1,81-1,Leaf,,,,,-0.067292415,7.387162,
81,0,2,81-2,urine_severity,1.0,81-3,81-4,81-4,1.0262322,15.809473,
81,0,3,81-3,ecg_hr,100.5,81-5,81-6,81-6,1.1560414,13.000373,
81,0,4,81-4,Leaf,,,,,-0.056018725,2.8091002,
81,0,5,81-5,temperature,38.29,81-7,81-8,81-8,0.35262024,10.887649,
81,0,6,81-6,Leaf,,,,,-0.05286665,2.1127238,
81,0,7,81-7,Leaf,,,,,0.059917994,9.874119,
81,0,8,81-8,Leaf,,,,,-0.018321853,1.0135304,
82,1,0,82-0,urine_severity,1.0,82-1,82-2,82-2,0.6051207,30.33154,
82,1,1,82-1,spo2,95.3,82-3,82-4,82-4,0.64751065,23.310623,
82,1,2,82-2,ecg_hr,100.5,82-5,82-6,82-6,0.17471957,7.0209165,
82,1,3,82-3,spo2,90.1,82-7,82-8,82-8,0.30153427,12.316555,
82,1,4,82-4,ecg_hr,100.5,82-9,82-10,82-10,0.42746317,10.994068,
82,1,5,82-5,spo2,90.9,82-11,82-12,82-12,0.10464716,4.996359,
82,1,6,82-6,temperature,36.94,82-13,82-14,82-14,0.03130066,2.0245576,
82,1,7,82-7,Leaf,,,,,-0.040824484,1.0799111,
82,1,8,82-8,ecg_hr,100.5,82-15,82-16,82-16,0.30931646,11.236644,
82,1,9,82-9,temperature,38.39,82-17,82-18,82-18,0.46815348,7.619601,
82,1,10,82-10,temperature,37.11,82-19,82-20,82-20,0.26320577,3.374467,
82,1,11,82-11,Leaf,,,,,0.0048634396,1.1269733,
82,1,12,82-12,Leaf,,,,,0.060380507,3.8693857,
82,1,13,82-13,Leaf,,,,,-0.013267647,1.0221906,
82,1,14,82-14,Leaf,,,,,0.013189845,1.0023671,
82,1,15,82-15,Leaf,,,,,0.03904643,7.05518,
82,1,16,82-16,Leaf,,,,,-0.009384995,4.1814637,
82,1,17,82-17,Leaf,,,,,-0.06585265,6.60882,
82,1,18,82-18,Leaf,,,,,0.02453635,1.0107812,
82,1,19,82-19,Leaf,,,,,0.03808846,1.8608494,
82,1,20,82-20,Leaf,,,,,-0.028760845,1.5136175,
83,2,0,83-0,spo2,93.0,83-1,83-2,83-2,0.51160395,13.088267,
83,2,1,83-1,ecg_hr,99.7,83-3,83-4,83-4,0.088273406,6.2678094,
83,2,2,83-2,ecg_hr,120.0,83-5,83-6,83-6,1.0285088,6.820458,
83,2,3,83-3,spo2,90.0,83-7,83-8,83-8,0.3086563,3.2092502,
83,2,4,83-4,Leaf,,,,,0.06253915,3.058559,
83,2,5,83-5,Leaf,,,,,-0.05877463,3.5252094,
83,2,6,83-6,ecg_hr,120.4,83-9,83-10,83-10,0.07320067,3.2952483,
83,2,7,83-7,Leaf,,,,,0.051198,1.7279855,
83,2,8,83-8,Leaf,,,,,-0.023482602,1.4812647,
83,2,9,83-9,Leaf,,,,,0.007714491,1.3191507,
83,2,10,83-10,Leaf,,,,,0.057339583,1.9760975,
84,0,0,84-0,spo2,95.0,84-1,84-2,84-2,1.425797,21.19812,
84,0,1,84-1,Leaf,,,,,-0.0663852,6.6933503,
84,0,2,84-2,ecg_hr,100.5,84-3,84-4,84-4,0.9009854,14.504769,
84,0,3,84-3,urine_severity,1.0,84-5,84-6,84-6,1.0118551,11.9837265,
84,0,4,84-4,Leaf,,,,,-0.055499185,2.5210433,
84,0,5,84-5,temperature,38.28,84-7,84-8,84-8,0.30839086,9.984356,
84,0,6,84-6,Leaf,,,,,-0.050451875,1.9993702,
84,0,7,84-7,Leaf,,,,,0.057977486,8.973681,
84,0,8,84-8,Leaf,,,,,-0.016175654,1.0106741,
85,1,0,85-0,urine_severity,1.0,85-1,85-2,85-2,0.5119601,28.126778,
85,1,1,85-1,spo2,95.3,85-3,85-4,85-4,0.5384206,21.67017,
85,1,2,85-2,spo2,93.0,85-5,85-6,85-6,0.15812597,6.4566073,
85,1,3,85-3,spo2,90.1,85-7,85-8,85-8,0.2681163,11.590268,
85,1,4,85-4,ecg_hr,100.5,85-9,85-10,85-10,0.37537372,10.079903,
85,1,5,85-5,temperature,36.35,85-11,85-12,85-12,0.03824802,2.185389,
85,1,6,85-6,ecg_hr,106.0,85-13,85-14,85-14,0.046235204,4.2712183,
85,1,7,85-7,Leaf,,,,,-0.03944099,1.0106652,
85,1,8,85-8,ecg_hr,100.5,85-15,85-16,85-16,0.26386464,10.579603,
85,1,9,85-9,temperature,38.29,85-17,85-18,85-18,0.40718758,6.830389,
85,1,10,85-10,temperature,37.11,85-19,85-20,85-20,0.24251755,3.2495139,
85,1,11,85-11,Leaf,,,,,0.016038734,1.0293872,
85,1,12,85-12,Leaf,,,,,-0.01268673,1.1560017,
85,1,13,85-13,Leaf,,,,,0.057929788,3.2401574,
85,1,14,85-14,Leaf,,,,,0.009847769,1.0310609,
85,1,15,85-15,Leaf,,,,,0.037120532,6.607283,
85,1,16,85-16,Leaf,,,,,-0.0087562185,3.9723194,
85,1,17,85-17,Leaf,,,,,-0.064589955,5.8031073,
85,1,18,85-18,Leaf,,,,,0.020991929,1.0272816,
85,1,19,85-19,Leaf,,,,,0.036836047,1.7829416,
85,1,20,85-20,Leaf,,,,,-0.028056344,1.4665723,
86,2,0,86-0,spo2,93.0,86-1,86-2,86-2,0.44604307,12.294662,
86,2,1,86-1,ecg_hr,99.7,86-3,86-4,86-4,0.081303895,5.894148,
86,2,2,86-2,ecg_hr,120.0,86-5,86-6,86-6,0.92725426,6.4005146,
86,2,3,86-3,spo2,90.0,86-7,86-8,86-8,0.2786849,3.0280566,
86,2,4,86-4,Leaf,,,,,0.06110621,2.8660913,
86,2,5,86-5,Leaf,,,,,-0.057533845,3.2147143,
86,2,6,86-6,ecg_hr,120.4,86-9,86-10,86-10,0.07209757,3.1858003,
86,2,7,86-7,Leaf,,,,,0.049533043,1.6042279,
86,2,8,86-8,Leaf,,,,,-0.022651913,1.4238287,
86,2,9,86-9,Leaf,,,,,0.00698151,1.3071291,
86,2,10,86-10,Leaf,,,,,0.05591459,1.878671,
87,0,0,87-0,spo2,95.0,87-1,87-2,87-2,1.2485282,19.461224,
87,0,1,87-1,Leaf,,,,,-0.06548361,6.099765,
87,0,2,87-2,ecg_hr,100.5,87-3,87-4,87-4,0.8066254,13.361459,
87,0,3,87-3,urine_severity,1.0,87-5,87-6,87-6,0.86822337,11.006432,
87,0,4,87-4,Leaf,,,,,-0.05432674,2.3550277,
87,0,5,87-5,temperature,37.85,87-7,87-8,87-8,0.29396152,9.208775,
87,0,6,87-6,Leaf,,,,,-0.048587404,1.7976567,
87,0,7,87-7,Leaf,,,,,0.059900828,7.2823563,
87,0,8,87-8,Leaf,,,,,-0.0034504798,1.9264185,
88,1,0,88-0,ecg_hr,120.4,88-1,88-2,88-2,0.4696056,26.190464,
88,1,1,88-1,urine_severity,1.0,88-3,88-4,88-4,0.4559732,24.266886,
88,1,2,88-2,Leaf,,,,,-0.054646693,1.9235772,
88,1,3,88-3,spo2,95.0,88-5,88-6,88-6,0.46851543,18.711842,
88,1,4,88-4,spo2,93.0,88-7,88-8,88-8,0.17722684,5.5550456,
88,1,5,88-5,spo2,92.6,88-9,88-10,88-10,0.47341692,7.506814,
88,1,6,88-6,ecg_hr,100.5,88-11,88-12,88-12,0.7530954,11.205027,
88,1,7,88-7,Leaf,,,,,0.0038336136,2.0101268,
88,1,8,88-8,Leaf,,,,,0.059377734,3.5449188,
88,1,9,88-9,Leaf,,,,,-0.012790117,3.72392,
88,1,10,88-10,Leaf,,,,,0.055793248,3.7828937,
88,1,11,88-11,Leaf,,,,,-0.043465957,8.302742,
88,1,12,88-12,Leaf,,,,,0.03603677,2.9022846,
89,2,0,89-0,ecg_hr,100.5,89-1,89-2,89-2,0.39310932,11.574441,
89,2,1,89-1,spo2,90.1,89-3,89-4,89-4,0.61431026,4.7625637,
89,2,2,89-2,spo2,96.4,89-5,89-6,89-6,0.15686232,6.8118773,
89,2,3,89-3,Leaf,,,,,0.03688806,2.1929834,
89,2,4,89-4,Leaf,,,,,-0.054149445,2.5695806,
89,2,5,89-5,Leaf,,,,,0.051249966,4.974141,
89,2,6,89-6,Leaf,,,,,0.0007326029,1.8377362,
